用户：Ent:回答问题(29-05-13),SpanFromLeft
总回答数：308； 总支持数：6023； 总反对数：144；平均支持数19.5552；,SpanFromLeft
Answer ID,Post Date,Vote-up,Vote-down,Title
200450,2012-05-27,211,3,Hyperlink["男女在一起，牵一牵手就会怀孕吗？", "http://www.guokr.com/answer/200450/redirect/"]
278627,2012-07-17,181,9,Hyperlink["为什么小肥鸟喜欢排排坐？", "http://www.guokr.com/answer/278627/redirect/"]
434636,2013-01-18,123,1,Hyperlink["为什么发型对一个人的形象会有很大的影响？", "http://www.guokr.com/answer/434636/redirect/"]
434800,2013-01-18,91,5,Hyperlink["如果可以选一个，且只能选一个，萌和长腿你们会选哪一个？", "http://www.guokr.com/answer/434800/redirect/"]
435681,2013-01-20,90,2,Hyperlink["大脑为什么要长在头上？", "http://www.guokr.com/answer/435681/redirect/"]
276231,2012-07-14,84,1,Hyperlink["如何才能融入果壳这个社区？", "http://www.guokr.com/answer/276231/redirect/"]
238754,2012-06-20,81,1,Hyperlink["为什么我在书店里看的到的《十万个为什么》从来都没有十万个为什么？", "http://www.guokr.com/answer/238754/redirect/"]
207903,2012-06-01,78,2,Hyperlink["恐龙要是放在现在可以存活吗？", "http://www.guokr.com/answer/207903/redirect/"]
215579,2012-06-07,74,0,Hyperlink["这是什么动物，为何会让人有心痛的感觉，楚楚可怜的外形是宠物为了得到更多的宠爱而进化出来的吗？", "http://www.guokr.com/answer/215579/redirect/"]
224185,2012-06-12,74,3,Hyperlink["人类是善于长途奔跑的动物吗？", "http://www.guokr.com/answer/224185/redirect/"]
412399,2012-12-19,74,1,Hyperlink["我们要怎样说谎&圆谎，才能让所有2012年12月21号之后出生的孩纸们相信我们存活了一场浩劫？", "http://www.guokr.com/answer/412399/redirect/"]
407774,2012-12-13,73,0,Hyperlink["半人马的生殖器到底在前面还是后面？有女性半人马吗？", "http://www.guokr.com/answer/407774/redirect/"]
167512,2012-04-29,72,3,Hyperlink["猫有天敌吗？", "http://www.guokr.com/answer/167512/redirect/"]
272451,2012-07-12,69,0,Hyperlink["为什么看到秒针的时候总觉得它暂停了一会儿呢？", "http://www.guokr.com/answer/272451/redirect/"]
491411,2013-05-23,67,0,Hyperlink["霸王龙超短的两只前爪是做什么的？", "http://www.guokr.com/answer/491411/redirect/"]
201361,2012-05-28,66,2,Hyperlink["为什么外星人多被描写成章鱼？", "http://www.guokr.com/answer/201361/redirect/"]
181666,2012-05-11,65,3,Hyperlink["如果打仗，你的专业可以做什么？", "http://www.guokr.com/answer/181666/redirect/"]
436133,2013-01-21,65,1,Hyperlink["为什么学霸总是爱撒谎说没复习好？", "http://www.guokr.com/answer/436133/redirect/"]
208492,2012-06-02,60,0,Hyperlink["斑马可以骑吗？", "http://www.guokr.com/answer/208492/redirect/"]
378645,2012-11-07,58,0,Hyperlink["李彦宏的公开信说恐龙踩到东西要几个小时才反应过来，这是真的吗？", "http://www.guokr.com/answer/378645/redirect/"]
489200,2013-05-19,55,0,Hyperlink["为什么鱼的骨头是尖的？", "http://www.guokr.com/answer/489200/redirect/"]
262689,2012-07-04,53,2,Hyperlink["《敬畏自然》—漏洞百出的伪科学文章登上人教课本？", "http://www.guokr.com/answer/262689/redirect/"]
357567,2012-10-11,52,0,Hyperlink["千年以后我们就长成这样了？", "http://www.guokr.com/answer/357567/redirect/"]
400086,2012-12-03,52,1,Hyperlink["有哪些电子游戏可以被称为真正的艺术品？", "http://www.guokr.com/answer/400086/redirect/"]
246631,2012-06-24,51,2,Hyperlink["为什么北极没有企鹅？", "http://www.guokr.com/answer/246631/redirect/"]
205682,2012-05-31,49,0,Hyperlink["为什么自然界没有蓝色的果实？", "http://www.guokr.com/answer/205682/redirect/"]
237227,2012-06-19,49,2,Hyperlink["世界上最低要剩下几个男女，才能在不违反近亲结婚的标准下繁衍种族？", "http://www.guokr.com/answer/237227/redirect/"]
258708,2012-07-01,48,0,Hyperlink["感觉好多史前怪物，体型都比较巨大，为什么呢？", "http://www.guokr.com/answer/258708/redirect/"]
171762,2012-05-03,47,0,Hyperlink["蜜蜂为什么蛰了人以后就要死去？为什么不像蛇之类的射出毒液而非要采取掏心掏肺的攻击呢？ ", "http://www.guokr.com/answer/171762/redirect/"]
370334,2012-10-29,47,2,Hyperlink["宁波PX项目，大家怎么看？", "http://www.guokr.com/answer/370334/redirect/"]
382537,2012-11-12,47,19,Hyperlink["如果，可以由你决定删除一项人类发明，回归原来的样子，你选哪样？", "http://www.guokr.com/answer/382537/redirect/"]
419284,2012-12-28,47,0,Hyperlink["猫真的会吃主人的尸体吗？", "http://www.guokr.com/answer/419284/redirect/"]
165847,2012-04-28,46,0,Hyperlink["如果你的生命只剩一个小时，你会干什么？", "http://www.guokr.com/answer/165847/redirect/"]
182442,2012-05-12,46,1,Hyperlink["家里出现很多德国小蠊，怎么清除？", "http://www.guokr.com/answer/182442/redirect/"]
194282,2012-05-22,46,0,Hyperlink["金箍的源代码及其工作原理是什么？", "http://www.guokr.com/answer/194282/redirect/"]
274340,2012-07-13,45,1,Hyperlink["（逻辑向）女生，遇到这样的表白肿么拒绝？", "http://www.guokr.com/answer/274340/redirect/"]
365350,2012-10-22,45,0,Hyperlink["为什么拇指缺失会被认定为重伤而其他手指就不认定为重伤？", "http://www.guokr.com/answer/365350/redirect/"]
490744,2013-05-22,45,0,Hyperlink["蓝图为什么叫蓝图？是因为蓝色的吗？", "http://www.guokr.com/answer/490744/redirect/"]
231682,2012-06-16,44,1,Hyperlink["不怕死，愿意死，很奇怪，很不理智吗？", "http://www.guokr.com/answer/231682/redirect/"]
288659,2012-07-23,43,4,Hyperlink["“作为一个医生，首先要有仁心其次才是仁术”这句话怎么讲，心不正妨碍技术进步么？", "http://www.guokr.com/answer/288659/redirect/"]
486220,2013-05-12,43,0,Hyperlink["人的智商可以达到300吗？", "http://www.guokr.com/answer/486220/redirect/"]
408955,2012-12-14,42,0,Hyperlink["氦气和六氟化硫使声音变化的原理是什么？", "http://www.guokr.com/answer/408955/redirect/"]
422366,2013-01-02,42,0,Hyperlink["如果有一颗和月亮差不多的小行星轻轻地碰到地球，没有发生剧烈碰撞，这对地球会有多大影响？我们能爬上去，开拓一个“小行星国”吗？", "http://www.guokr.com/answer/422366/redirect/"]
183766,2012-05-13,41,2,Hyperlink["“大象从不忘事”的说法靠谱吗？", "http://www.guokr.com/answer/183766/redirect/"]
197854,2012-05-25,40,0,Hyperlink["科学是什么？将来科学是不是会攻陷艺术？", "http://www.guokr.com/answer/197854/redirect/"]
311674,2012-08-14,40,0,Hyperlink["如何在果壳制造一条热帖？", "http://www.guokr.com/answer/311674/redirect/"]
371417,2012-10-30,40,0,Hyperlink["地球上目前还活着的最古老的动物是啥？鲎么？", "http://www.guokr.com/answer/371417/redirect/"]
422140,2013-01-02,40,2,Hyperlink["不同种动物的寿命相差很多是由什么造成的？", "http://www.guokr.com/answer/422140/redirect/"]
409146,2012-12-14,38,0,Hyperlink["突然想到一个蛋疼的问题，2012年12月21日被证明是谎言之后，那预言里下个世界末日是什么时候？ ", "http://www.guokr.com/answer/409146/redirect/"]
378429,2012-11-07,37,0,Hyperlink["人为什么会天然地害怕或排斥某些东西？是因为遗传了祖先的记忆吗？", "http://www.guokr.com/answer/378429/redirect/"]
296260,2012-07-30,36,0,Hyperlink["用绿茶当尿液送检可以查出前列腺炎吗？", "http://www.guokr.com/answer/296260/redirect/"]
350801,2012-09-29,36,1,Hyperlink["宇航员鼻子痒痒怎么办？", "http://www.guokr.com/answer/350801/redirect/"]
352548,2012-10-02,36,0,Hyperlink["日本有只公山羊下奶了是怎么回事？", "http://www.guokr.com/answer/352548/redirect/"]
363008,2012-10-19,36,0,Hyperlink["给图片配字时，大家都喜欢用什么字体？", "http://www.guokr.com/answer/363008/redirect/"]
198094,2012-05-25,35,1,Hyperlink["不同人种之间为什么没有生殖隔离？", "http://www.guokr.com/answer/198094/redirect/"]
417534,2012-12-26,35,0,Hyperlink["生物为什么要繁衍后代？", "http://www.guokr.com/answer/417534/redirect/"]
259893,2012-07-02,34,2,Hyperlink["你有没有分析自己迟迟找不到另一半的原因？", "http://www.guokr.com/answer/259893/redirect/"]
438906,2013-01-27,34,0,Hyperlink["宇航员如何解决放屁的问题？", "http://www.guokr.com/answer/438906/redirect/"]
296923,2012-07-30,33,0,Hyperlink["中国运动员领奖时为什么喜欢咬着金牌照相？", "http://www.guokr.com/answer/296923/redirect/"]
376309,2012-11-05,33,0,Hyperlink["为什么中国的“左”“右”和国外是反的呢？", "http://www.guokr.com/answer/376309/redirect/"]
402527,2012-12-06,33,0,Hyperlink["“裸烹”这事靠谱吗？做饭过程中可能不使用非天然的添加剂吗？", "http://www.guokr.com/answer/402527/redirect/"]
227722,2012-06-14,32,0,Hyperlink["为了猴子的事被攻击了，怎么办？", "http://www.guokr.com/answer/227722/redirect/"]
400868,2012-12-04,32,11,Hyperlink["北京异地高考方案都牵扯了哪方利益，为何迟迟不能实施？你心目中最合适的异地高考方案是什么样？", "http://www.guokr.com/answer/400868/redirect/"]
406885,2012-12-12,32,0,Hyperlink["为什么不是所有的人都漂亮？如果自然选择偏重健康和美丽，为什么大部分人都并不那么好看？", "http://www.guokr.com/answer/406885/redirect/"]
201575,2012-05-28,31,2,Hyperlink["汽车越大或者越重就越安全吗？", "http://www.guokr.com/answer/201575/redirect/"]
413691,2012-12-21,31,0,Hyperlink["为什么北京下的雪是亮晶晶的，落在地上还是亮晶晶的？跟地域有关吗？在南方下再大的雪也从没见过是亮晶晶的。", "http://www.guokr.com/answer/413691/redirect/"]
336361,2012-09-11,30,1,Hyperlink["说来说去都是相关，什么时候才能算作因果呢？", "http://www.guokr.com/answer/336361/redirect/"]
417513,2012-12-26,30,0,Hyperlink["为什么女生的字一般都比男孩子的好看？", "http://www.guokr.com/answer/417513/redirect/"]
209335,2012-06-03,29,1,Hyperlink["地球上是先有病毒还是先有单细胞生物？", "http://www.guokr.com/answer/209335/redirect/"]
349217,2012-09-27,29,0,Hyperlink["有哪些动物的生殖器官（或精液）是美味？为什么这些部位对人类而言会是美食呢？", "http://www.guokr.com/answer/349217/redirect/"]
326594,2012-08-29,28,0,Hyperlink["请问霸王龙的大脑到底有多大？会比人的大吗？", "http://www.guokr.com/answer/326594/redirect/"]
432083,2013-01-15,28,0,Hyperlink["鲍鱼长什么样？什么才能叫鲍鱼？", "http://www.guokr.com/answer/432083/redirect/"]
226177,2012-06-13,27,0,Hyperlink["为什么会产生“我愿意为你去死”的这种心理？你们会被这样的话“感动”吗?", "http://www.guokr.com/answer/226177/redirect/"]
258903,2012-07-01,27,1,Hyperlink["当你“仰望星空时”，你在想什么？", "http://www.guokr.com/answer/258903/redirect/"]
313143,2012-08-15,27,0,Hyperlink["京东、苏宁、国美的价格大战最终结局会是什么样的？", "http://www.guokr.com/answer/313143/redirect/"]
181080,2012-05-11,26,0,Hyperlink["昆虫的趋光性有什么进化意义？", "http://www.guokr.com/answer/181080/redirect/"]
306339,2012-08-08,26,4,Hyperlink["衡量一个人文笔的好坏真的是只取决于辞藻的华丽吗？", "http://www.guokr.com/answer/306339/redirect/"]
434564,2013-01-18,26,0,Hyperlink["小时候动画片《雪孩子》里的小白兔为什么不吃小雪人的胡萝卜鼻子？", "http://www.guokr.com/answer/434564/redirect/"]
438919,2013-01-27,26,0,Hyperlink["鱼会放屁吗？", "http://www.guokr.com/answer/438919/redirect/"]
485353,2013-05-10,26,1,Hyperlink["为什么要保护一门语言？", "http://www.guokr.com/answer/485353/redirect/"]
352677,2012-10-02,25,0,Hyperlink["兔子不能碰水吗？", "http://www.guokr.com/answer/352677/redirect/"]
356612,2012-10-10,25,0,Hyperlink["能培育出黑白颠倒的熊猫吗？", "http://www.guokr.com/answer/356612/redirect/"]
397113,2012-11-29,25,0,Hyperlink["少年派里头说的那个锚 是什么原理？", "http://www.guokr.com/answer/397113/redirect/"]
306678,2012-08-09,24,0,Hyperlink["个人在世界范围的科学技术领域快速知名的方法是什么", "http://www.guokr.com/answer/306678/redirect/"]
425909,2013-01-07,24,0,Hyperlink["正则表达式是什么？具体的应用都有哪些？", "http://www.guokr.com/answer/425909/redirect/"]
492368,2013-05-25,24,0,Hyperlink["进化论和演化论之间的区别在哪里？", "http://www.guokr.com/answer/492368/redirect/"]
214423,2012-06-06,23,0,Hyperlink["你玩过哪些碉堡了的小游戏？", "http://www.guokr.com/answer/214423/redirect/"]
233799,2012-06-18,23,0,Hyperlink["如何在大学举办一个小型三叶虫化石展？", "http://www.guokr.com/answer/233799/redirect/"]
378707,2012-11-07,23,0,Hyperlink["果壳er们对于“科学解释/解决不了的问题”是什么看法呢？", "http://www.guokr.com/answer/378707/redirect/"]
490518,2013-05-21,23,0,Hyperlink["马铃薯和土豆指的是一个东西吗？", "http://www.guokr.com/answer/490518/redirect/"]
233327,2012-06-17,22,0,Hyperlink["叠字名（如：郭晶晶），是汉语名字独有的吗？", "http://www.guokr.com/answer/233327/redirect/"]
265957,2012-07-06,22,1,Hyperlink["动物也分左撇子右撇子吗？", "http://www.guokr.com/answer/265957/redirect/"]
437930,2013-01-24,22,0,Hyperlink["为什么英语字体的Comic sans是“禁用”？", "http://www.guokr.com/answer/437930/redirect/"]
227527,2012-06-14,21,0,Hyperlink["我对转基因作物的看法正确吗？", "http://www.guokr.com/answer/227527/redirect/"]
406244,2012-12-11,21,2,Hyperlink["为什么自然界大部分动物雌雄比例大致相同？", "http://www.guokr.com/answer/406244/redirect/"]
94213,2012-02-06,20,4,Hyperlink["冰川融化海平面会上升吗", "http://www.guokr.com/answer/94213/redirect/"]
174195,2012-05-05,20,0,Hyperlink["当把一个变色龙放在镜子前它会怎么反映？ ", "http://www.guokr.com/answer/174195/redirect/"]
197268,2012-05-24,20,1,Hyperlink["高考将至，列位还记得当年那些蒙题方法吗？", "http://www.guokr.com/answer/197268/redirect/"]
291372,2012-07-25,20,0,Hyperlink["格陵兰冰川为什么会迅速融化？", "http://www.guokr.com/answer/291372/redirect/"]
93496,2012-02-04,19,5,Hyperlink["人生的意义是什么？", "http://www.guokr.com/answer/93496/redirect/"]
203079,2012-05-29,19,6,Hyperlink["《非你莫属》中，问北大心理美女硕士的“洛萨达线”是什么？", "http://www.guokr.com/answer/203079/redirect/"]
207366,2012-06-01,19,0,Hyperlink["如果你弄伤了一只虫子，是应该让它活着，还是杀了它免得它饱受痛苦的折磨？", "http://www.guokr.com/answer/207366/redirect/"]
209505,2012-06-03,19,0,Hyperlink["当年你是怎么高考的？你超常发挥了吗？哪门值得拿粗来炫耀？", "http://www.guokr.com/answer/209505/redirect/"]
269983,2012-07-10,19,0,Hyperlink["砷基生物的神话被打破了，为什么科学家这么关注它？是因为跟外星人有关吗？", "http://www.guokr.com/answer/269983/redirect/"]
344211,2012-09-21,19,1,Hyperlink["照片中可以区分日出和夕阳吗？如果可以，如何区分？", "http://www.guokr.com/answer/344211/redirect/"]
414638,2012-12-22,19,0,Hyperlink["「一个水龙头一秒钟漏一滴水，一年就漏掉360吨水。」这个说法正确吗？在地球上，1滴水究竟能多大？", "http://www.guokr.com/answer/414638/redirect/"]
489612,2013-05-20,19,0,Hyperlink["为什么锦囊妙计大多是三个？", "http://www.guokr.com/answer/489612/redirect/"]
233294,2012-06-17,18,0,Hyperlink["人类的医学发展会影响生物的进化吗？", "http://www.guokr.com/answer/233294/redirect/"]
277784,2012-07-16,18,1,Hyperlink["为什么男女性的声音进化得到现在这样的区分?动物雄性雌性的声音之间有没有类似的普遍性区分规律?", "http://www.guokr.com/answer/277784/redirect/"]
426056,2013-01-07,18,1,Hyperlink["为什么有些歌特别容易成为“耳虫”，比如法海你不懂爱？", "http://www.guokr.com/answer/426056/redirect/"]
197540,2012-05-24,17,0,Hyperlink["父母给儿子取复杂名字,他们居心何在呢？", "http://www.guokr.com/answer/197540/redirect/"]
241523,2012-06-21,17,1,Hyperlink["苍井空老师这种不想结婚只想要孩子的女青年是怎么想的？", "http://www.guokr.com/answer/241523/redirect/"]
245362,2012-06-23,17,0,Hyperlink["对于不是缺水的地方，节约用水有用吗？", "http://www.guokr.com/answer/245362/redirect/"]
294310,2012-07-28,17,0,Hyperlink["伦敦奥运的花瓣火炬是什么花？", "http://www.guokr.com/answer/294310/redirect/"]
307874,2012-08-10,17,1,Hyperlink["传说海鲜嘌呤高，这个嘌呤和学氨基酸时候学到的腺嘌呤、鸟嘌呤有关系吗？", "http://www.guokr.com/answer/307874/redirect/"]
361471,2012-10-17,17,1,Hyperlink["人民币为什么只有1  、2、5、10，20，50，100的面值？", "http://www.guokr.com/answer/361471/redirect/"]
368181,2012-10-26,17,0,Hyperlink["山的高度没有超过10千米的，这个是由重力决定的吧，那么海的深度是由什么决定的，为什么没有超过15千米的海沟？", "http://www.guokr.com/answer/368181/redirect/"]
165729,2012-04-27,16,0,Hyperlink["猫为什么不怕老鼠身上的病菌？", "http://www.guokr.com/answer/165729/redirect/"]
182425,2012-05-12,16,0,Hyperlink["关于转基因技术，科幻小说《替天行道》有何槽点？", "http://www.guokr.com/answer/182425/redirect/"]
229458,2012-06-15,16,0,Hyperlink["从动物学的角度上讲，比如猴子能不能被驯化，驯化的概念是什么？", "http://www.guokr.com/answer/229458/redirect/"]
292427,2012-07-26,16,1,Hyperlink["被chinajoy上的showgirl刺激到了，现代人对长腿妹纸的审美从何而来？", "http://www.guokr.com/answer/292427/redirect/"]
380081,2012-11-09,16,0,Hyperlink["破坏到底算不算是一种艺术形式？", "http://www.guokr.com/answer/380081/redirect/"]
437488,2013-01-23,16,0,Hyperlink["棕熊洗白了能变成北极熊吗？", "http://www.guokr.com/answer/437488/redirect/"]
442438,2013-02-04,16,0,Hyperlink["为什么很多英文字体中小写的L和大写的I看起来是一样的？不会引起混淆么？", "http://www.guokr.com/answer/442438/redirect/"]
188349,2012-05-17,15,0,Hyperlink["你读过的思想最深邃的书是什么？", "http://www.guokr.com/answer/188349/redirect/"]
208285,2012-06-02,15,0,Hyperlink["你喝醉了会有什么异常行为？", "http://www.guokr.com/answer/208285/redirect/"]
212086,2012-06-05,15,1,Hyperlink["怎么知道他是爱我的呢？或者说如何测试一下？", "http://www.guokr.com/answer/212086/redirect/"]
225101,2012-06-13,15,1,Hyperlink["人类是否应该拿动物做实验？", "http://www.guokr.com/answer/225101/redirect/"]
237316,2012-06-19,15,0,Hyperlink["怎么泡摩羯座的男生？", "http://www.guokr.com/answer/237316/redirect/"]
433087,2013-01-16,15,2,Hyperlink["应用“抛开剂量谈毒性就是耍流氓”这句话需要哪些前提条件？有哪些比较热闹的讨论是误用了这句话？", "http://www.guokr.com/answer/433087/redirect/"]
489647,2013-05-20,15,0,Hyperlink["我们为什么要干预进化，来保护濒危野生动物？", "http://www.guokr.com/answer/489647/redirect/"]
355805,2012-10-09,14,0,Hyperlink["医学是不是反自然、阻碍进化？", "http://www.guokr.com/answer/355805/redirect/"]
426817,2013-01-08,14,0,Hyperlink["鱼跳起来被冻住！这科学么？", "http://www.guokr.com/answer/426817/redirect/"]
448454,2013-02-20,14,0,Hyperlink["同样是“小短手”，为什么大家更热衷“黑”霸王龙而不是河马？", "http://www.guokr.com/answer/448454/redirect/"]
239300,2012-06-20,13,1,Hyperlink["“吸血鬼”如果不存在，那它的传说从何而来？", "http://www.guokr.com/answer/239300/redirect/"]
266890,2012-07-07,13,0,Hyperlink["有人说：“人是大自然最伟大的杰作”，这话可信吗？", "http://www.guokr.com/answer/266890/redirect/"]
269858,2012-07-10,13,0,Hyperlink["用小勺搅拌咖啡能让它凉得更快吗？", "http://www.guokr.com/answer/269858/redirect/"]
294223,2012-07-28,13,0,Hyperlink["不支持养猴子，那关于北京大雨溜蛇的那位，饲养黄金蟒合法吗？", "http://www.guokr.com/answer/294223/redirect/"]
325096,2012-08-28,13,0,Hyperlink["请专业医师来科普一下：剖腹产时有没有可能被偷肾？", "http://www.guokr.com/answer/325096/redirect/"]
344461,2012-09-21,13,0,Hyperlink["溶液结成冰水混合物时，冰中的溶质浓度和水中的浓度相同么？", "http://www.guokr.com/answer/344461/redirect/"]
422154,2013-01-02,13,0,Hyperlink["世界是真的吗？证明？", "http://www.guokr.com/answer/422154/redirect/"]
429530,2013-01-11,13,0,Hyperlink["外语有古文么？", "http://www.guokr.com/answer/429530/redirect/"]
493592,2013-05-27,13,0,Hyperlink["看电影为什么大家都要吃爆米花？", "http://www.guokr.com/answer/493592/redirect/"]
493748,2013-05-28,13,0,Hyperlink["为何马达加斯加1500年前才有了人类足迹，是最晚的一个？", "http://www.guokr.com/answer/493748/redirect/"]
93495,2012-02-04,12,1,Hyperlink["为什么地球上的大多数生物都分为两性，而不是三性甚至更多性别呢？", "http://www.guokr.com/answer/93495/redirect/"]
170764,2012-05-02,12,0,Hyperlink["为什么一些科学家能够坐拥宗教信仰？", "http://www.guokr.com/answer/170764/redirect/"]
202104,2012-05-28,12,0,Hyperlink["如果人类等同于昆虫变态发育时期的幼虫，那么成虫期的人类会进化成什么样子？", "http://www.guokr.com/answer/202104/redirect/"]
232816,2012-06-17,12,0,Hyperlink["如何判断一个人是否暗恋自己？", "http://www.guokr.com/answer/232816/redirect/"]
312083,2012-08-14,12,0,Hyperlink["福岛蝴蝶因核辐射发生突变，这是真的吗？", "http://www.guokr.com/answer/312083/redirect/"]
337128,2012-09-12,12,0,Hyperlink["俄罗斯发现猛犸活细胞，这个有可能是真的吗？", "http://www.guokr.com/answer/337128/redirect/"]
361183,2012-10-17,12,0,Hyperlink["银河系发生过伽玛射线爆的事情是科学家们幻想的吧？", "http://www.guokr.com/answer/361183/redirect/"]
412640,2012-12-19,12,0,Hyperlink["橘子和橙子分雌雄吗？同学告诉我雌的好吃，这是真的吗？", "http://www.guokr.com/answer/412640/redirect/"]
488164,2013-05-17,12,0,Hyperlink["\"群观众的眼睛是雪亮的\"有理论依据吗？另外，群众的智慧一定是当下历史阶段最“正确”的吗？", "http://www.guokr.com/answer/488164/redirect/"]
199201,2012-05-26,11,0,Hyperlink["什么是铀钢？", "http://www.guokr.com/answer/199201/redirect/"]
206600,2012-05-31,11,0,Hyperlink["生物为什么会死亡？", "http://www.guokr.com/answer/206600/redirect/"]
211729,2012-06-05,11,0,Hyperlink["这个软体虫子是什么？【图很恶心，慎入！】", "http://www.guokr.com/answer/211729/redirect/"]
229685,2012-06-15,11,0,Hyperlink["是否有驯服的猴子充当护士?", "http://www.guokr.com/answer/229685/redirect/"]
416395,2012-12-25,11,0,Hyperlink["衣原体为什么翻译成了“衣”原体？", "http://www.guokr.com/answer/416395/redirect/"]
419245,2012-12-28,11,0,Hyperlink["如何做，才能在编剧赵华的“转基因毒食促销水军脑歪五百人”榜单上排名更靠前？", "http://www.guokr.com/answer/419245/redirect/"]
436537,2013-01-21,11,0,Hyperlink["为什么好多神经都是交叉管理呢？这种连法和直连最近的有什么优势么？", "http://www.guokr.com/answer/436537/redirect/"]
486842,2013-05-14,11,0,Hyperlink["跟群里的人争论微波炉致癌是不是谣言...\n", "http://www.guokr.com/answer/486842/redirect/"]
190686,2012-05-19,10,0,Hyperlink["我姐捡了两只小鹌鹑，怎么才能养活呢？", "http://www.guokr.com/answer/190686/redirect/"]
190724,2012-05-19,10,0,Hyperlink["有多少人每天会戳“果壳网的盈利模式”？", "http://www.guokr.com/answer/190724/redirect/"]
197813,2012-05-25,10,0,Hyperlink["一个人可以忍受内在的空虚和外在的匆忙有多久？", "http://www.guokr.com/answer/197813/redirect/"]
230844,2012-06-16,10,0,Hyperlink["你最喜欢的神兽是什么？", "http://www.guokr.com/answer/230844/redirect/"]
261303,2012-07-03,10,0,Hyperlink["世界上有两种动物不得癌症：一个是海里游的鲨；，一个是陆地上跑的鹅。 正确吗？", "http://www.guokr.com/answer/261303/redirect/"]
279320,2012-07-17,10,0,Hyperlink["把蛇的毒液注入它自己体内会死吗？", "http://www.guokr.com/answer/279320/redirect/"]
279360,2012-07-17,10,0,Hyperlink["哺乳动物为什么放弃了毒液？", "http://www.guokr.com/answer/279360/redirect/"]
292229,2012-07-26,10,0,Hyperlink["被人嘲笑身材不好，如何调节心情？", "http://www.guokr.com/answer/292229/redirect/"]
319722,2012-08-22,10,0,Hyperlink["为什么古代戏子被视为下贱的职业？", "http://www.guokr.com/answer/319722/redirect/"]
353711,2012-10-05,10,0,Hyperlink["碰到可疑的人贩子之类的人应该怎么办？", "http://www.guokr.com/answer/353711/redirect/"]
417193,2012-12-26,10,0,Hyperlink["适合女生的武术和冷兵器有哪些？", "http://www.guokr.com/answer/417193/redirect/"]
444906,2013-02-11,10,1,Hyperlink["拿零度可乐当水喝，有健康上的风险吗？", "http://www.guokr.com/answer/444906/redirect/"]
494717,今天,10,0,Hyperlink["动物标本的意义是什么？", "http://www.guokr.com/answer/494717/redirect/"]
165768,2012-04-27,9,0,Hyperlink["猫的胡须真的可以用来量老鼠洞的大小吗？", "http://www.guokr.com/answer/165768/redirect/"]
165830,2012-04-28,9,0,Hyperlink[" 在爱因斯坦的相对论没被提出之前，人们用那些理论解释太阳这个发光的大火球的？", "http://www.guokr.com/answer/165830/redirect/"]
174155,2012-05-05,9,0,Hyperlink["灰太狼为什么追不上喜羊羊呢?", "http://www.guokr.com/answer/174155/redirect/"]
188354,2012-05-17,9,0,Hyperlink["中国科学院发布的《中国人营养指南》靠谱吗？", "http://www.guokr.com/answer/188354/redirect/"]
335850,2012-09-10,9,0,Hyperlink["美国的“100年星舰”宇宙航行计划，科幻电影要成真了？", "http://www.guokr.com/answer/335850/redirect/"]
357104,2012-10-10,9,1,Hyperlink["英语中Abbey和Cathedral有什么区别？", "http://www.guokr.com/answer/357104/redirect/"]
378535,2012-11-07,9,0,Hyperlink["奥观海赢了。在总统竞选中竞选失败的，可以再次参选吗？", "http://www.guokr.com/answer/378535/redirect/"]
407762,2012-12-13,9,0,Hyperlink["北京大学卫生学院教授李可基称塑化剂是相对安全的物质，还说人类经过这么多年的进化，就有了一定的排毒解毒能力？演化过程会碰到塑化剂吗？这种提法妥当吗？", "http://www.guokr.com/answer/407762/redirect/"]
205489,2012-05-30,8,0,Hyperlink["动物有自制力吗？", "http://www.guokr.com/answer/205489/redirect/"]
214100,2012-06-06,8,0,Hyperlink["伽利略的比萨斜塔实验是真实的还是杜撰的？", "http://www.guokr.com/answer/214100/redirect/"]
227835,2012-06-14,8,0,Hyperlink["麻雀究竟能否看到玻璃？", "http://www.guokr.com/answer/227835/redirect/"]
264197,2012-07-05,8,0,Hyperlink["为什么有些向日葵不会向太阳？", "http://www.guokr.com/answer/264197/redirect/"]
376171,2012-11-05,8,0,Hyperlink["为什么说黑洞不会吸任何物质？", "http://www.guokr.com/answer/376171/redirect/"]
398364,2012-11-30,8,0,Hyperlink["意大利新发现地下潮虫表明“物种进化并非单行道”？", "http://www.guokr.com/answer/398364/redirect/"]
407056,2012-12-12,8,0,Hyperlink["熊猫为什么叫panda，是胖的音译吗？", "http://www.guokr.com/answer/407056/redirect/"]
93012,2012-02-02,7,0,Hyperlink["为什么钻石这种东西会这么贵？", "http://www.guokr.com/answer/93012/redirect/"]
174570,2012-05-05,7,0,Hyperlink["植物局部变异？同一棵树长出来的，为什么叶子大小差别这么大？", "http://www.guokr.com/answer/174570/redirect/"]
186263,2012-05-15,7,0,Hyperlink["在写小说，请教以下肢解情节的合理性如何？", "http://www.guokr.com/answer/186263/redirect/"]
200286,2012-05-27,7,0,Hyperlink["吃货们都说果壳墙上的画看起来很好吃，你还见过哪些好吃的艺术品？这些艺术品有哪些吃法？", "http://www.guokr.com/answer/200286/redirect/"]
202044,2012-05-28,7,0,Hyperlink["为什么有那么多人自我感觉良好？", "http://www.guokr.com/answer/202044/redirect/"]
276766,2012-07-15,7,0,Hyperlink["有人说胎儿与母亲存在竞争关系，是真的么？", "http://www.guokr.com/answer/276766/redirect/"]
338355,2012-09-13,7,0,Hyperlink["人才们，你们的求学轨迹是什么样的？", "http://www.guokr.com/answer/338355/redirect/"]
347135,2012-09-24,7,0,Hyperlink["游戏平衡性是如何设计的？角色的生命攻击力防御力等等属性的数值是根据什么确定的？", "http://www.guokr.com/answer/347135/redirect/"]
485281,2013-05-10,7,0,Hyperlink["范伟伦的灭绝定律衍生的问题", "http://www.guokr.com/answer/485281/redirect/"]
494010,2013-05-28,7,0,Hyperlink["为何 中国人喜欢写到此一游， 和中国人喜欢死后留名千古 是一回事不？", "http://www.guokr.com/answer/494010/redirect/"]
181660,2012-05-11,6,0,Hyperlink["坐火车长途卧铺需要注意些什么？", "http://www.guokr.com/answer/181660/redirect/"]
186413,2012-05-15,6,0,Hyperlink["“木秀于林，风必摧之“有无硬道理？", "http://www.guokr.com/answer/186413/redirect/"]
193931,2012-05-22,6,0,Hyperlink["怎么知道名人名言到底是不是那个人说的？", "http://www.guokr.com/answer/193931/redirect/"]
196890,2012-05-24,6,0,Hyperlink["夜抑郁是什么？", "http://www.guokr.com/answer/196890/redirect/"]
205162,2012-05-30,6,0,Hyperlink["为什么孙悟空不能点石成金？", "http://www.guokr.com/answer/205162/redirect/"]
206152,2012-05-31,6,0,Hyperlink["男友爱搂着我睡觉，但是这样我睡不着，怎么办？", "http://www.guokr.com/answer/206152/redirect/"]
230670,2012-06-16,6,0,Hyperlink["男人借助技术手段或是天生神力七八十岁都能当爹，女人可以么？", "http://www.guokr.com/answer/230670/redirect/"]
276999,2012-07-15,6,0,Hyperlink["南方周末的“暑假文科自测题”谁能指点一下？", "http://www.guokr.com/answer/276999/redirect/"]
332718,2012-09-06,6,0,Hyperlink["如何DIY心形的石头？", "http://www.guokr.com/answer/332718/redirect/"]
359866,2012-10-15,6,0,Hyperlink["新科诺奖得主山中伸弥“涉嫌造假”？什么情况", "http://www.guokr.com/answer/359866/redirect/"]
360709,2012-10-16,6,0,Hyperlink["地球的自转时间如果突然变长或变短，对人类的最直接影响是什么？", "http://www.guokr.com/answer/360709/redirect/"]
361493,2012-10-17,6,0,Hyperlink["一口饭要嚼30次才行吗？这样能让黄曲霉素毒性消失？", "http://www.guokr.com/answer/361493/redirect/"]
408594,2012-12-14,6,0,Hyperlink["堆一个雪人一般需要多久？一个人3000分钟堆1314个雪人靠谱吗？", "http://www.guokr.com/answer/408594/redirect/"]
436151,2013-01-21,6,0,Hyperlink["什么是读写困难(Dyslexia)？造成读写困难现象的原因是什么？", "http://www.guokr.com/answer/436151/redirect/"]
437168,2013-01-22,6,0,Hyperlink["朝鲜征兵身高降为142cm，这么高真的不影响当兵打仗吗？", "http://www.guokr.com/answer/437168/redirect/"]
446741,2013-02-16,6,0,Hyperlink["单细胞生物怎么进化成多细胞生物？异性繁殖是怎么进化出来的？", "http://www.guokr.com/answer/446741/redirect/"]
184616,2012-05-14,5,0,Hyperlink["有没有以数学知识为基础的科幻作品？", "http://www.guokr.com/answer/184616/redirect/"]
187205,2012-05-16,5,0,Hyperlink["核聚变有前途吗？", "http://www.guokr.com/answer/187205/redirect/"]
190891,2012-05-19,5,0,Hyperlink["氧炔焰做菜、烧烤。可行性怎样？", "http://www.guokr.com/answer/190891/redirect/"]
193979,2012-05-22,5,1,Hyperlink["为什么美国的电影特别喜欢摧毁纽约？", "http://www.guokr.com/answer/193979/redirect/"]
197959,2012-05-25,5,0,Hyperlink["地球自转是越转越快还是越转越慢还是不变？为什么？", "http://www.guokr.com/answer/197959/redirect/"]
198972,2012-05-26,5,0,Hyperlink["只有人类可以控制住自己的呼吸？", "http://www.guokr.com/answer/198972/redirect/"]
215168,2012-06-07,5,0,Hyperlink["网传辽宁高考作文题：如何救海参。真的假的？这个该怎么写呀？", "http://www.guokr.com/answer/215168/redirect/"]
223798,2012-06-12,5,0,Hyperlink["闭着眼睛荡秋千的孩子说，看到蓝色和绿色，为什么？", "http://www.guokr.com/answer/223798/redirect/"]
238776,2012-06-20,5,0,Hyperlink["备受争议的人体实验有哪些？ ", "http://www.guokr.com/answer/238776/redirect/"]
268464,2012-07-09,5,0,Hyperlink["博彩公司如何设定赔率？", "http://www.guokr.com/answer/268464/redirect/"]
410510,2012-12-17,5,0,Hyperlink["世界上第一个周一是哪天？", "http://www.guokr.com/answer/410510/redirect/"]
425478,2013-01-06,5,0,Hyperlink["有没有发现哺乳动物的始祖物种？", "http://www.guokr.com/answer/425478/redirect/"]
439892,2013-01-29,5,0,Hyperlink["动物为什么不怕冷，为什么保暖方面人是退化的呢？", "http://www.guokr.com/answer/439892/redirect/"]
492391,2013-05-25,5,0,Hyperlink["一直没搞懂林奈的双命名法到底牛逼在哪里。", "http://www.guokr.com/answer/492391/redirect/"]
172938,2012-05-04,4,0,Hyperlink["为什么不同容量的充电电池不能一起使用？", "http://www.guokr.com/answer/172938/redirect/"]
174212,2012-05-05,4,0,Hyperlink["为什么同一饮水机矿泉水，烧出来的水温不同，喝起来口感会不同的？", "http://www.guokr.com/answer/174212/redirect/"]
175833,2012-05-06,4,0,Hyperlink["盐在驱鬼的时候是如何发挥效用的", "http://www.guokr.com/answer/175833/redirect/"]
182968,2012-05-12,4,0,Hyperlink["现在农村有桉树是抽水机的说法，认为桉树把水份大量吸收导致周边的树木灌木无法生存，请问有道理吗？", "http://www.guokr.com/answer/182968/redirect/"]
224827,2012-06-12,4,0,Hyperlink["有纯中药过了一期临床的么？且不谈药效，能基本保证安全性么？", "http://www.guokr.com/answer/224827/redirect/"]
227204,2012-06-14,4,1,Hyperlink["各位唱K时听到比你们小的女生唱什么歌时会觉得不错？", "http://www.guokr.com/answer/227204/redirect/"]
237266,2012-06-19,4,0,Hyperlink["为什么涉及外星球的作品中，从来不用考虑引力的问题？", "http://www.guokr.com/answer/237266/redirect/"]
243329,2012-06-22,4,0,Hyperlink["钢铁苍穹里面纳粹的飞船真的可以用一个手机启动吗？", "http://www.guokr.com/answer/243329/redirect/"]
246559,2012-06-24,4,1,Hyperlink["肽菲石是什么啊？百度维基都没有啊啊！求解答！", "http://www.guokr.com/answer/246559/redirect/"]
271098,2012-07-11,4,0,Hyperlink["有学地质的吗？geological deep time是什么意思？", "http://www.guokr.com/answer/271098/redirect/"]
278158,2012-07-16,4,0,Hyperlink["墨镜能阻挡紫外线吗？劣质墨镜会对眼睛有害吗？", "http://www.guokr.com/answer/278158/redirect/"]
436421,2013-01-21,4,0,Hyperlink["老式爆米花机很危险吗，为什么《流言终结者》里要穿防爆衣，隔着防弹玻璃来操作？", "http://www.guokr.com/answer/436421/redirect/"]
445064,2013-02-12,4,1,Hyperlink["地震和地下核爆的震波有什么差别，怎么区分它们？", "http://www.guokr.com/answer/445064/redirect/"]
486775,2013-05-14,4,0,Hyperlink["为什么精子生存的温度偏要比体温低两三度呢", "http://www.guokr.com/answer/486775/redirect/"]
490136,2013-05-21,4,0,Hyperlink["加拿大鹅、贼鸥和鹰这些大鸟的攻击力大概有多大？", "http://www.guokr.com/answer/490136/redirect/"]
490745,2013-05-22,4,0,Hyperlink["有没有什么动物没有脚趾，却是直立行走的啊?", "http://www.guokr.com/answer/490745/redirect/"]
492372,2013-05-25,4,0,Hyperlink["为什么所有生物进化都会变得复杂，为什么不是简化高效，复杂代表高效吗？", "http://www.guokr.com/answer/492372/redirect/"]
184615,2012-05-14,3,0,Hyperlink["杜撰出来的化合物名翻译对吗？", "http://www.guokr.com/answer/184615/redirect/"]
184818,2012-05-14,3,0,Hyperlink["康德所謂的「絕對律令」如何可能？", "http://www.guokr.com/answer/184818/redirect/"]
189399,2012-05-18,3,0,Hyperlink["为什么CET只有四级和六级？", "http://www.guokr.com/answer/189399/redirect/"]
193963,2012-05-22,3,0,Hyperlink["鱼类有胎生的吗？", "http://www.guokr.com/answer/193963/redirect/"]
266018,2012-07-06,3,0,Hyperlink["早晨醒来时感觉床剧烈摇晃，这是什么症状？", "http://www.guokr.com/answer/266018/redirect/"]
272966,2012-07-12,3,0,Hyperlink["为什么看到塑料泡泡包装就想捏？", "http://www.guokr.com/answer/272966/redirect/"]
288734,2012-07-23,3,2,Hyperlink["人为什么会演化出欣赏/演奏音乐的能力？", "http://www.guokr.com/answer/288734/redirect/"]
292385,2012-07-26,3,0,Hyperlink["“海猿说” 靠谱吗？", "http://www.guokr.com/answer/292385/redirect/"]
400621,2012-12-04,3,0,Hyperlink["古生物专业国内哪几所大学比较有资质？与国外交流多吗？古生物的研究，是不是跟考古与地质都有关联，它研究的内容大致是哪些范畴？", "http://www.guokr.com/answer/400621/redirect/"]
417889,2012-12-27,3,0,Hyperlink["我现在见到一个人，就发现他/她跟我以前认识的某个人长得很像。这算是一种什么能力？", "http://www.guokr.com/answer/417889/redirect/"]
437212,2013-01-22,3,0,Hyperlink["阅读英语文献时的翻译软件，有哪些值得推荐？", "http://www.guokr.com/answer/437212/redirect/"]
492375,2013-05-25,3,0,Hyperlink["进化论是如何解释低等动物和高等动物并存的呢？", "http://www.guokr.com/answer/492375/redirect/"]
494444,今天,3,0,Hyperlink["冷笑话的笑点跟其他笑话有什么不一样？听完冷笑话感觉“好冷啊”到底表达的是什么含义？", "http://www.guokr.com/answer/494444/redirect/"]
93619,2012-02-04,2,0,Hyperlink["达尔文真的错了吗？", "http://www.guokr.com/answer/93619/redirect/"]
169784,2012-05-01,2,0,Hyperlink["郑和下西洋，和80年后哥伦布横跨大西洋所用到的造船技术相比，有什么差别？", "http://www.guokr.com/answer/169784/redirect/"]
176348,2012-05-07,2,0,Hyperlink["目前人类有发现液态天体吗？", "http://www.guokr.com/answer/176348/redirect/"]
181820,2012-05-11,2,0,Hyperlink["蛤蟆会被镜子中的自己吓到么？", "http://www.guokr.com/answer/181820/redirect/"]
184933,2012-05-14,2,1,Hyperlink["为什么音乐里的音阶是从C开始？", "http://www.guokr.com/answer/184933/redirect/"]
186289,2012-05-15,2,0,Hyperlink["人们为什么要祭奠故去的人？（非文艺向答案）", "http://www.guokr.com/answer/186289/redirect/"]
200118,2012-05-27,2,0,Hyperlink["真的很想知道，任督二脉真的能被打通么？", "http://www.guokr.com/answer/200118/redirect/"]
203011,2012-05-29,2,0,Hyperlink["“可是这跟我又有什么关系呢？”用文言文怎么说？", "http://www.guokr.com/answer/203011/redirect/"]
204578,2012-05-30,2,0,Hyperlink["怎样下口才能以最佳配比吃完一只甜筒？", "http://www.guokr.com/answer/204578/redirect/"]
230650,2012-06-16,2,0,Hyperlink["人观察到的运动与物体本身运动的差异具体在哪儿？为什么？", "http://www.guokr.com/answer/230650/redirect/"]
269070,2012-07-09,2,0,Hyperlink["请问亚里士多德、笛卡尔、培根是怎么论述和姆潘巴现象类似的问题呢？他们真的论述了么？怎么论述的？", "http://www.guokr.com/answer/269070/redirect/"]
296353,2012-07-30,2,0,Hyperlink["俄罗斯方块有哪些古怪的玩法？高端玩家一般是怎么玩俄罗斯方块的？", "http://www.guokr.com/answer/296353/redirect/"]
325102,2012-08-28,2,0,Hyperlink["【建议】果壳问答系统的一个建议：增加题目的投票功能？", "http://www.guokr.com/answer/325102/redirect/"]
493430,2013-05-27,2,0,Hyperlink["为什么偷猎大象的偷猎者不是把大象麻醉后锯断象牙，而是非要把大象杀死再带走象牙呢？而且我看那些被猎杀的大象都是整张脸被砍下来。", "http://www.guokr.com/answer/493430/redirect/"]
93491,2012-02-04,1,0,Hyperlink["怎样衡量一款游戏的“深度”？", "http://www.guokr.com/answer/93491/redirect/"]
166978,2012-04-28,1,0,Hyperlink["为什么精灵的耳朵是尖尖的？", "http://www.guokr.com/answer/166978/redirect/"]
182449,2012-05-12,1,0,Hyperlink["就是变量上标一个十字架符号†如图是什么意义？", "http://www.guokr.com/answer/182449/redirect/"]
184265,2012-05-13,1,0,Hyperlink["关于性别的文字：她、他和繁体字的你。这种形容不同性别的字出现的原因是什么？", "http://www.guokr.com/answer/184265/redirect/"]
184627,2012-05-14,1,0,Hyperlink["早期的墨水有磁性？", "http://www.guokr.com/answer/184627/redirect/"]
186767,2012-05-15,1,0,Hyperlink["投影仪是怎么投射出黑字的？", "http://www.guokr.com/answer/186767/redirect/"]
190637,2012-05-19,1,0,Hyperlink["海底压强能发电吗？", "http://www.guokr.com/answer/190637/redirect/"]
193930,2012-05-22,1,0,Hyperlink["日环食是哪颗星星把太阳挡住了？", "http://www.guokr.com/answer/193930/redirect/"]
197865,2012-05-25,1,1,Hyperlink["为什么气温上升会让房屋屋顶塌陷？", "http://www.guokr.com/answer/197865/redirect/"]
247311,2012-06-24,1,0,Hyperlink["高三男生，今天出成绩(河南理科)。但我对自己喜欢什么，想做什么，一点都不知道。报考只有几天时间。。。", "http://www.guokr.com/answer/247311/redirect/"]
293225,2012-07-27,1,1,Hyperlink["欧美人喜欢幻想穿越回去刺杀希特勒，那天朝人呢，会幻想回去刺杀谁？", "http://www.guokr.com/answer/293225/redirect/"]
313809,2012-08-16,1,0,Hyperlink["火星车的结构是什么？", "http://www.guokr.com/answer/313809/redirect/"]
318055,2012-08-20,1,0,Hyperlink["人类为什么没有进化出四条腿？", "http://www.guokr.com/answer/318055/redirect/"]
356868,2012-10-10,1,0,Hyperlink["化石和琥珀中的DNA保存期一样长吗？ ", "http://www.guokr.com/answer/356868/redirect/"]
359093,2012-10-14,1,0,Hyperlink["你最喜欢的电影台词是什么？（非文艺的）", "http://www.guokr.com/answer/359093/redirect/"]
433623,2013-01-17,1,0,Hyperlink["山东栖霞和苍山相距300公里，调查发现栖霞的癌症率大约是苍山的12倍。你觉得原因是什么？不要从统计数据是否正确的角度来考虑。这是真实的问题，不是脑筋急转弯，也没有“答案”。", "http://www.guokr.com/answer/433623/redirect/"]
491877,2013-05-24,1,0,Hyperlink["从进化上看，植物和动物是从哪里确切分开的？在分开之前又进行了哪样的发展？", "http://www.guokr.com/answer/491877/redirect/"]
109690,2010-11-14,0,0,Hyperlink["电动车更环保？何解？", "http://www.guokr.com/answer/109690/redirect/"]
108526,2010-12-23,0,0,Hyperlink["一束光在镜面材料的封闭盒子中，打开盒子会眼前一亮么？", "http://www.guokr.com/answer/108526/redirect/"]
88192,2012-01-11,0,0,Hyperlink["动物死后，条件合适的话，多长时间能变成化石呢？", "http://www.guokr.com/answer/88192/redirect/"]
92607,2012-02-01,0,0,Hyperlink["动物幼体的生存优势技能为什么到成年会消失？", "http://www.guokr.com/answer/92607/redirect/"]
183713,2012-05-13,0,0,Hyperlink["怎样才能使鸡蛋从十米高的地方落下来而不破？", "http://www.guokr.com/answer/183713/redirect/"]
187644,2012-05-16,0,0,Hyperlink["这段话里的geographical transgression怎么翻译？", "http://www.guokr.com/answer/187644/redirect/"]
188495,2012-05-17,0,0,Hyperlink["一次性筷子与森林覆盖率的减少由关系吗？", "http://www.guokr.com/answer/188495/redirect/"]
188969,2012-05-17,0,0,Hyperlink["在微博上看到：“联合国任命施瓦辛格为外星大使”？这个外星大使是干什么的？", "http://www.guokr.com/answer/188969/redirect/"]
194954,2012-05-22,0,0,Hyperlink["这个高空坠落位置能否分析？", "http://www.guokr.com/answer/194954/redirect/"]
199438,2012-05-26,0,0,Hyperlink["植物能否在人身体内生长？", "http://www.guokr.com/answer/199438/redirect/"]
204252,2012-05-30,0,0,Hyperlink["艾滋病人把血滴到食物里面的传言是真的吗？", "http://www.guokr.com/answer/204252/redirect/"]
206190,2012-05-31,0,0,Hyperlink["「美洲爆发新型艾滋病——查加斯病」，这种病有哪些特征？怎么感染的这种病？我国会有这种病出现吗？", "http://www.guokr.com/answer/206190/redirect/"]
223571,2012-06-12,0,0,Hyperlink["邵佳一在微博上预测欧洲杯八场全错的概率是多少？", "http://www.guokr.com/answer/223571/redirect/"]
245129,2012-06-23,0,0,Hyperlink["为什么地球的生物要进化出眼睛？", "http://www.guokr.com/answer/245129/redirect/"]
294292,2012-07-28,0,0,Hyperlink["奥运运动员入场时走在前方右侧的人手里抱着的是什么？", "http://www.guokr.com/answer/294292/redirect/"]
335478,2012-09-10,0,0,Hyperlink["为什么有的牙膏刷完牙后牙齿滑滑的，有的感觉涩涩的。", "http://www.guokr.com/answer/335478/redirect/"]
397969,2012-11-30,0,0,Hyperlink["魔兽世界主题电影可能于明年上映，届时你是会带着女朋友去看还是跟基友去看？", "http://www.guokr.com/answer/397969/redirect/"]
434736,2013-01-18,0,0,Hyperlink["为什么橘子冻了之后会变苦？", "http://www.guokr.com/answer/434736/redirect/"]