用户：众生皆蛋白长老:回答问题(29-05-13),SpanFromLeft
总回答数：437； 总支持数：1843； 总反对数：103；平均支持数4.21739；,SpanFromLeft
Answer ID,Post Date,Vote-up,Vote-down,Title
130290,2012-03-29,183,9,Hyperlink["女生叫“妹纸”，男生叫什么？", "http://www.guokr.com/answer/130290/redirect/"]
250130,2012-06-25,91,8,Hyperlink["为什么有正经工作的女的长的都不好看？", "http://www.guokr.com/answer/250130/redirect/"]
207717,2012-06-01,89,2,Hyperlink["现在书店怎么越来越多的励志书和成功学？", "http://www.guokr.com/answer/207717/redirect/"]
174576,2012-05-05,64,2,Hyperlink["孝感高三学生打氨基酸备战高考，打的什么氨基酸，有用吗？", "http://www.guokr.com/answer/174576/redirect/"]
182791,2012-05-12,57,5,Hyperlink["有办法让身高临时增加数厘米，维持数个小时，足以骗过体检。这是真的吗？", "http://www.guokr.com/answer/182791/redirect/"]
168452,2012-04-30,56,1,Hyperlink["教室中万一电风扇掉下来，在哪里最安全？", "http://www.guokr.com/answer/168452/redirect/"]
232892,2012-06-17,56,0,Hyperlink["西瓜应该沿经线切，还是沿纬线切？", "http://www.guokr.com/answer/232892/redirect/"]
209424,2012-06-03,47,2,Hyperlink["”最美司机“吴斌到底被什么所伤？", "http://www.guokr.com/answer/209424/redirect/"]
145624,2012-04-12,40,0,Hyperlink["如果泰坦尼克号最后没有撞到冰山，结局会怎样？", "http://www.guokr.com/answer/145624/redirect/"]
218375,2012-06-09,40,1,Hyperlink["救火英雄赖宁的事实是真的去救火还是去山上看热闹？这件事情的真相是什么？", "http://www.guokr.com/answer/218375/redirect/"]
450937,2013-02-27,36,0,Hyperlink["重口味的女生会特别遭人讨厌吗？", "http://www.guokr.com/answer/450937/redirect/"]
176937,2012-05-07,31,0,Hyperlink["这是什么物种？真的存在么？", "http://www.guokr.com/answer/176937/redirect/"]
191722,2012-05-20,28,6,Hyperlink["在辩论赛上如何反对同性恋婚姻合法化？", "http://www.guokr.com/answer/191722/redirect/"]
474857,2013-04-22,26,1,Hyperlink["【来投票吧！】二次元中，你最喜爱什么发色的妹子？（最后阶段投票~）", "http://www.guokr.com/answer/474857/redirect/"]
219611,2012-06-10,25,0,Hyperlink["房间里刚才飞进来两只蝙蝠，明天我会变成蝙蝠侠么？", "http://www.guokr.com/answer/219611/redirect/"]
236941,2012-06-19,25,4,Hyperlink["这样不就是超光速了么？问题出在哪里？", "http://www.guokr.com/answer/236941/redirect/"]
205208,2012-05-30,23,0,Hyperlink["怎样证明果壳中各种谣言粉碎以及科普知识的权威性？", "http://www.guokr.com/answer/205208/redirect/"]
175548,2012-05-06,22,0,Hyperlink["关于先父遗传和要不要娶处女的问题，都别扯来扯去了吧？", "http://www.guokr.com/answer/175548/redirect/"]
119557,2012-03-17,20,0,Hyperlink["为什么学校男澡堂里面洗澡时，有人喜欢面朝大家洗，有人喜欢背朝大家喜，有人两个方向交互着洗？", "http://www.guokr.com/answer/119557/redirect/"]
144766,2012-04-11,19,0,Hyperlink["为什么有时候在拉屎的同时会流泪？", "http://www.guokr.com/answer/144766/redirect/"]
158875,2012-04-22,18,0,Hyperlink["草莓星冰乐用“胭脂虫”尸体添色素是真的嘛？", "http://www.guokr.com/answer/158875/redirect/"]
184872,2012-05-14,16,0,Hyperlink["网传日本人千年后可能灭绝，是真的假的啊？", "http://www.guokr.com/answer/184872/redirect/"]
223967,2012-06-12,16,2,Hyperlink["你如何看待高考时举报别人作弊的学生？", "http://www.guokr.com/answer/223967/redirect/"]
158562,2012-04-22,15,0,Hyperlink["如何将植物科属种拟人萌化？", "http://www.guokr.com/answer/158562/redirect/"]
474636,2013-04-22,15,0,Hyperlink["地震中受损的这座楼究竟是建得好还是不好？", "http://www.guokr.com/answer/474636/redirect/"]
178733,2012-05-09,14,5,Hyperlink["地动仪是仿造的？", "http://www.guokr.com/answer/178733/redirect/"]
201686,2012-05-28,14,0,Hyperlink["为什么外星人多被描写成章鱼？", "http://www.guokr.com/answer/201686/redirect/"]
203636,2012-05-29,14,0,Hyperlink["如果你是4楼，面对这样的待回帖，怎么破？", "http://www.guokr.com/answer/203636/redirect/"]
211988,2012-06-05,14,0,Hyperlink["为什么西游记里三太子设定要变白马被唐僧骑呢？", "http://www.guokr.com/answer/211988/redirect/"]
169253,2012-05-01,13,0,Hyperlink["南京有大量蛤蟆聚集，是地震前兆吗？ ", "http://www.guokr.com/answer/169253/redirect/"]
209198,2012-06-03,13,0,Hyperlink["为什么老虎、老鹰这些大自然中的霸王反而濒临灭绝呢？", "http://www.guokr.com/answer/209198/redirect/"]
209315,2012-06-03,13,1,Hyperlink["谣言粉碎机真的可靠吗？", "http://www.guokr.com/answer/209315/redirect/"]
368801,2012-10-26,13,2,Hyperlink["怎么让物理和数学的成绩高高在上？", "http://www.guokr.com/answer/368801/redirect/"]
155163,2012-04-19,12,0,Hyperlink["如果现实中一个人真有能力让周围的时间停止，那么他能干些什么呢？", "http://www.guokr.com/answer/155163/redirect/"]
163456,2012-04-26,12,0,Hyperlink["大家对 Chrome 浏览器的中文正式名称【酷容】有什么看法？", "http://www.guokr.com/answer/163456/redirect/"]
123090,2012-03-21,11,0,Hyperlink["墨西哥地震震源离地面只有10公里，这意味着什么？", "http://www.guokr.com/answer/123090/redirect/"]
129298,2012-03-28,11,0,Hyperlink["中国考察队真的在南极把自己养的狗沉到海底了吗？", "http://www.guokr.com/answer/129298/redirect/"]
225124,2012-06-13,10,0,Hyperlink["这个男人是谁？", "http://www.guokr.com/answer/225124/redirect/"]
245092,2012-06-23,10,0,Hyperlink["黎巴嫩地区出现一位12岁水晶女孩，左眼量产水晶。这是真的吗？", "http://www.guokr.com/answer/245092/redirect/"]
458143,2013-03-18,10,0,Hyperlink["有哪些产品设计很糟糕，但却出人意料的成功了呢？", "http://www.guokr.com/answer/458143/redirect/"]
463311,2013-03-31,10,0,Hyperlink["这是谁的作品？叫什么名字啊作者，是什么漫画吗？", "http://www.guokr.com/answer/463311/redirect/"]
484489,2013-05-09,10,1,Hyperlink["我一哥们说我什么都不懂，考试考的分比谁都高，我觉得郁闷啊。其实我懂的比他们都多，比起老师还是差些，哥们呢为什么要说那样的话呢？", "http://www.guokr.com/answer/484489/redirect/"]
106525,2012-03-04,9,3,Hyperlink["我读翻译过来的书有困难，这是什么原因呢？", "http://www.guokr.com/answer/106525/redirect/"]
120070,2012-03-18,9,1,Hyperlink["剑鞘内部怎么清洗？", "http://www.guokr.com/answer/120070/redirect/"]
121669,2012-03-19,9,0,Hyperlink["全球最大BT网站海盗湾的服务器挂在无人机上这个方案可行吗？如何解决电力问题？", "http://www.guokr.com/answer/121669/redirect/"]
137563,2012-04-05,9,0,Hyperlink["“有人”的话威力为什么那么大？", "http://www.guokr.com/answer/137563/redirect/"]
190493,2012-05-18,9,5,Hyperlink["网上盛传吃婴儿，还带了不少重口味图片，那个是真的假的？", "http://www.guokr.com/answer/190493/redirect/"]
201713,2012-05-28,9,0,Hyperlink["观测天象，天空中出现了地震云,这能推算出地震吗？", "http://www.guokr.com/answer/201713/redirect/"]
218086,2012-06-09,9,0,Hyperlink["普通话对于南北方人是否有区别对待？", "http://www.guokr.com/answer/218086/redirect/"]
238227,2012-06-19,9,1,Hyperlink["为什么我在书店里看的到的《十万个为什么》从来都没有十万个为什么？", "http://www.guokr.com/answer/238227/redirect/"]
115401,2012-03-13,8,0,Hyperlink["果壳达人里的那些三国人物ID是怎么回事？", "http://www.guokr.com/answer/115401/redirect/"]
238185,2012-06-19,8,0,Hyperlink["有没有哪样科技是你小时候曾经以为一定会在21世纪初出现但是现在连半点影子都没有的？", "http://www.guokr.com/answer/238185/redirect/"]
320870,2012-08-23,8,1,Hyperlink["如何写出一条让人有躺枪感的微博？", "http://www.guokr.com/answer/320870/redirect/"]
485162,2013-05-10,8,0,Hyperlink["手淫有很大的成瘾性和危害性，为什么主流媒体还在灌输适度无害论，他们背后有什么不可告人的秘密吗？", "http://www.guokr.com/answer/485162/redirect/"]
190532,2012-05-19,7,0,Hyperlink["刚看了《复仇者联盟》觉得钢铁侠很bug，电影设定不好？", "http://www.guokr.com/answer/190532/redirect/"]
218571,2012-06-09,7,0,Hyperlink["蚊子吸血的时候，突然绷紧肌肉，会把蚊子夹住而使它拔不出口器来吗？", "http://www.guokr.com/answer/218571/redirect/"]
457201,2013-03-16,7,1,Hyperlink["脊椎动物比无脊椎动物更高级吗？", "http://www.guokr.com/answer/457201/redirect/"]
459688,2013-03-22,7,0,Hyperlink["请问什么是主体不够呢？为何不算强奸呢？有什么要求的呢？", "http://www.guokr.com/answer/459688/redirect/"]
471558,2013-04-16,7,0,Hyperlink["为什么肌肉男的生殖器都比较小？", "http://www.guokr.com/answer/471558/redirect/"]
137388,2012-04-05,6,0,Hyperlink["如何跟微博上的营销账号较真？", "http://www.guokr.com/answer/137388/redirect/"]
142949,2012-04-10,6,0,Hyperlink["蚊子的存在有什么价值？", "http://www.guokr.com/answer/142949/redirect/"]
153893,2012-04-18,6,0,Hyperlink["外星人是古代地球人么？", "http://www.guokr.com/answer/153893/redirect/"]
313414,2012-08-15,6,0,Hyperlink["从皮肤上搓下来的黑色东西是什么？", "http://www.guokr.com/answer/313414/redirect/"]
481578,2013-05-04,6,0,Hyperlink["什么东西创建起来比摧毁它更容易？", "http://www.guokr.com/answer/481578/redirect/"]
482566,2013-05-06,6,0,Hyperlink["为什么说钢架结构的居民楼的抗震性良好？", "http://www.guokr.com/answer/482566/redirect/"]
121860,2012-03-19,5,0,Hyperlink["一公斤水是否能浮起两公斤的木头?", "http://www.guokr.com/answer/121860/redirect/"]
123595,2012-03-21,5,0,Hyperlink["任意角度的三角函数怎么求？", "http://www.guokr.com/answer/123595/redirect/"]
125101,2012-03-23,5,0,Hyperlink["为什么现代医学(西医)主要以“外科”为主？", "http://www.guokr.com/answer/125101/redirect/"]
125861,2012-03-24,5,1,Hyperlink["作为世界流行音乐的潮流引领者，为什么欧美不流行KTV？", "http://www.guokr.com/answer/125861/redirect/"]
137423,2012-04-05,5,0,Hyperlink["为什么很多漫画书的最后几页都是白纸？", "http://www.guokr.com/answer/137423/redirect/"]
139190,2012-04-07,5,0,Hyperlink["水能被压缩吗？", "http://www.guokr.com/answer/139190/redirect/"]
151638,2012-04-16,5,1,Hyperlink["快速洗衣服有什么技巧没？", "http://www.guokr.com/answer/151638/redirect/"]
207224,2012-06-01,5,0,Hyperlink["为什么搞测绘的要用木质的三脚架？", "http://www.guokr.com/answer/207224/redirect/"]
211368,2012-06-04,5,0,Hyperlink["美女尖兵90昼夜40万行代码，到底可信度有多高？是一个造神运动吗？码农表示40万压力颇大！", "http://www.guokr.com/answer/211368/redirect/"]
217075,2012-06-08,5,0,Hyperlink["学物理该看什么哲学书？", "http://www.guokr.com/answer/217075/redirect/"]
368803,2012-10-26,5,0,Hyperlink["这货真的是熊猫吗？", "http://www.guokr.com/answer/368803/redirect/"]
460387,2013-03-24,5,0,Hyperlink["果壳网对于现在的初中生会起到什么帮助？", "http://www.guokr.com/answer/460387/redirect/"]
494349,今天,5,0,Hyperlink["为什么强扭的瓜不甜？", "http://www.guokr.com/answer/494349/redirect/"]
123183,2012-03-21,4,0,Hyperlink["重力跟自转速度有关吗？", "http://www.guokr.com/answer/123183/redirect/"]
159179,2012-04-22,4,0,Hyperlink["零下四百五十八度到底是什么呢？", "http://www.guokr.com/answer/159179/redirect/"]
169004,2012-05-01,4,0,Hyperlink["鸡蛋能和稀饭一起煮吗？", "http://www.guokr.com/answer/169004/redirect/"]
170685,2012-05-02,4,0,Hyperlink["\"只生一个\"是否不利于基因优化?", "http://www.guokr.com/answer/170685/redirect/"]
172586,2012-05-04,4,3,Hyperlink["为什么5月4日大家都在晒星战的东西？", "http://www.guokr.com/answer/172586/redirect/"]
201374,2012-05-28,4,0,Hyperlink["人的尿真能把树木烧死？", "http://www.guokr.com/answer/201374/redirect/"]
203809,2012-05-29,4,0,Hyperlink["对于那种本身就很无知了，但还不尊重科学的人，咱们该怎么处置？", "http://www.guokr.com/answer/203809/redirect/"]
214942,2012-06-07,4,0,Hyperlink["圆柱型量杯到底精确吗？", "http://www.guokr.com/answer/214942/redirect/"]
218570,2012-06-09,4,0,Hyperlink["磁铁有辐射么?", "http://www.guokr.com/answer/218570/redirect/"]
223443,2012-06-12,4,0,Hyperlink["奥特曼有小JJ吗？", "http://www.guokr.com/answer/223443/redirect/"]
454066,2013-03-08,4,0,Hyperlink["为什么人们会建造双塔？", "http://www.guokr.com/answer/454066/redirect/"]
454899,2013-03-10,4,0,Hyperlink["即使水性很好的人，从长江大桥上跳下去也会死吗？", "http://www.guokr.com/answer/454899/redirect/"]
455817,2013-03-12,4,0,Hyperlink["为什么月经期间不能洗头？", "http://www.guokr.com/answer/455817/redirect/"]
468205,2013-04-10,4,0,Hyperlink["大家试过刷牙时把牙膏掉在裤子裆部上没有，我天天如此，那是中了什么邪啊？", "http://www.guokr.com/answer/468205/redirect/"]
473688,2013-04-20,4,1,Hyperlink["目前地震预报现状如何？有何理论支撑？中国地震局是无能，还是确实无法预报地震？", "http://www.guokr.com/answer/473688/redirect/"]
477857,2013-04-27,4,1,Hyperlink["关于楼梯的一个小问题", "http://www.guokr.com/answer/477857/redirect/"]
478825,2013-04-28,4,0,Hyperlink[" 人类愚蠢在哪里？", "http://www.guokr.com/answer/478825/redirect/"]
482905,2013-05-06,4,0,Hyperlink["在用热水壶打水的时候，打开水龙头，热水落到平底的一瞬间为什么不会把瓶底打碎？水的速度是相当大的。", "http://www.guokr.com/answer/482905/redirect/"]
485907,2013-05-12,4,0,Hyperlink["既然可乐的配方是保密的，那请问它是如何通过食品安全检测的？食品安全检测的流程和标准是什么？", "http://www.guokr.com/answer/485907/redirect/"]
486282,2013-05-13,4,0,Hyperlink["看新闻俄罗斯富豪在2045年前造出永生人，你有什么想说的？", "http://www.guokr.com/answer/486282/redirect/"]
490660,2013-05-22,4,0,Hyperlink["为什么非洲人亚洲人古希腊人等等都会把东西顶在头上，而中国人不会？", "http://www.guokr.com/answer/490660/redirect/"]
114169,2012-03-11,3,0,Hyperlink["蚂蚁是几维动物？这是从什么方面考虑的？", "http://www.guokr.com/answer/114169/redirect/"]
137061,2012-04-05,3,0,Hyperlink["《圣斗士星矢》的圣衣真的不是女神用来坑爹的吗？", "http://www.guokr.com/answer/137061/redirect/"]
143884,2012-04-11,3,0,Hyperlink["为什么大家会期待《泰坦尼克》的裸体戏？为什么又会被删除？", "http://www.guokr.com/answer/143884/redirect/"]
147515,2012-04-13,3,0,Hyperlink["为什么一句蛋疼话，加一句铿锵有力的总结，就有“哲理”了呢？比如“生活就是这样”“这个社会怎么了“", "http://www.guokr.com/answer/147515/redirect/"]
159857,2012-04-23,3,0,Hyperlink["为什么锯齿边的东西普遍好撕开？", "http://www.guokr.com/answer/159857/redirect/"]
163492,2012-04-26,3,0,Hyperlink["青年报说的“现在拍死一只蚊子 等于消灭800只‘蚊二代’”是真的吗？", "http://www.guokr.com/answer/163492/redirect/"]
167907,2012-04-29,3,1,Hyperlink["美鑫派水杯是不是骗人的？", "http://www.guokr.com/answer/167907/redirect/"]
172075,2012-05-03,3,0,Hyperlink["在你眼里，哪两项发明/发现，最深刻地影响了你学的那门专业呢？(理由也写下吧亲)", "http://www.guokr.com/answer/172075/redirect/"]
172324,2012-05-03,3,0,Hyperlink["为什么猫的弹跳能力那么棒？", "http://www.guokr.com/answer/172324/redirect/"]
209818,2012-06-03,3,0,Hyperlink["大家有没有发现达尔文的进化论，虽然不着调，但是这套假说几乎可以解释各领域的现象？", "http://www.guokr.com/answer/209818/redirect/"]
454351,2013-03-08,3,0,Hyperlink["如何鉴别放射性物质？如果真捡到了放射物该怎么办？", "http://www.guokr.com/answer/454351/redirect/"]
460226,2013-03-24,3,0,Hyperlink["宇宙中的物体都是绝对运动的，那岂不是所有物体都是永动机？", "http://www.guokr.com/answer/460226/redirect/"]
466232,2013-04-06,3,1,Hyperlink["为什么那么多人都对0.999...=1表示持久的惊奇？", "http://www.guokr.com/answer/466232/redirect/"]
469917,2013-04-13,3,0,Hyperlink["这是怎样的支持力呢？看图，那奇葩的茶壶~", "http://www.guokr.com/answer/469917/redirect/"]
471331,2013-04-16,3,0,Hyperlink["如果Ex威胁说要曝光私密信息怎么办？", "http://www.guokr.com/answer/471331/redirect/"]
473759,2013-04-20,3,0,Hyperlink["为什么地震多集中于北纬30度左右？", "http://www.guokr.com/answer/473759/redirect/"]
473823,2013-04-20,3,0,Hyperlink["#求辟谣#刚刚看到一则帖子说雅安地震：这次横波震幅厉害，晚上注意点，今天白天安全，由于太阳热能，对冲，晚上有个热能挤压释放，晚上不要在家，晚上睡觉前注意放盆水在面前，水一晃动，马上出门，横波的波动要快", "http://www.guokr.com/answer/473823/redirect/"]
474642,2013-04-22,3,0,Hyperlink["如图，图上的裂缝是正常的伸缩缝吗？如果不是，有什么危险？", "http://www.guokr.com/answer/474642/redirect/"]
477868,2013-04-27,3,0,Hyperlink["地震时楼梯安全么？", "http://www.guokr.com/answer/477868/redirect/"]
479865,2013-05-01,3,0,Hyperlink["在黑暗到没有亮光的情况下完全看不见东西，算夜盲症吗？", "http://www.guokr.com/answer/479865/redirect/"]
483759,2013-05-08,3,0,Hyperlink["星盘的可信度？关于宿命论，是因人而异还是已有定数？", "http://www.guokr.com/answer/483759/redirect/"]
494044,2013-05-28,3,0,Hyperlink["剥开电线绝缘层的正确姿势是什么？", "http://www.guokr.com/answer/494044/redirect/"]
104389,2012-03-02,2,0,Hyperlink["什么情况下自来水会出现异味呢？", "http://www.guokr.com/answer/104389/redirect/"]
107357,2012-03-05,2,0,Hyperlink["掌纹看病到底靠谱吗？", "http://www.guokr.com/answer/107357/redirect/"]
107997,2012-03-06,2,0,Hyperlink["什么情况下，像“开会”“吃饭”这样的词可以在中间加上其他词，具体什么样的词合适？", "http://www.guokr.com/answer/107997/redirect/"]
112088,2012-03-09,2,0,Hyperlink["坐月子为什么不能喝白开水？", "http://www.guokr.com/answer/112088/redirect/"]
113631,2012-03-11,2,1,Hyperlink["为什么干燥的大便容易憋住，而拉稀的时候却极难把持得住呢？", "http://www.guokr.com/answer/113631/redirect/"]
117485,2012-03-15,2,0,Hyperlink["袁隆平老师说没经过人体试验，吃转基因食品就不安全，这种说法有道理吗？", "http://www.guokr.com/answer/117485/redirect/"]
126860,2012-03-25,2,0,Hyperlink["以后会出现对抗以图搜图的反侦察技术吗？", "http://www.guokr.com/answer/126860/redirect/"]
127619,2012-03-26,2,0,Hyperlink["【求辟谣】求果壳再次辟谣。关于2012的谣言是真的吗？", "http://www.guokr.com/answer/127619/redirect/"]
129263,2012-03-28,2,0,Hyperlink["眼角膜能随随便便摘掉，像偷肾那样给人做移植吗？", "http://www.guokr.com/answer/129263/redirect/"]
131364,2012-03-30,2,0,Hyperlink["有关风水的学说纯粹就是迷信吗？", "http://www.guokr.com/answer/131364/redirect/"]
140362,2012-04-08,2,0,Hyperlink["能否用什么容器保存住阳光？或者说能不能把一部分阳光保留住？", "http://www.guokr.com/answer/140362/redirect/"]
141737,2012-04-09,2,0,Hyperlink["黄瓜为什么要“拍”着吃？", "http://www.guokr.com/answer/141737/redirect/"]
146204,2012-04-12,2,0,Hyperlink["小眼睛有什么进化优势么？（经常找不到自己眼睛的人寻求心理安慰）", "http://www.guokr.com/answer/146204/redirect/"]
147685,2012-04-13,2,1,Hyperlink["小说里常说修真者御剑飞行，气势如虹奔若流星，假使真人达到了这个速度，会发生什么呢？", "http://www.guokr.com/answer/147685/redirect/"]
149217,2012-04-14,2,0,Hyperlink["如果明天是你的最后一天，你会怎么做？", "http://www.guokr.com/answer/149217/redirect/"]
152873,2012-04-18,2,0,Hyperlink["中医有关半身不遂的急救常识可靠吗？", "http://www.guokr.com/answer/152873/redirect/"]
158495,2012-04-22,2,0,Hyperlink["我以后想做一个出名的工程师现在该怎么办呢？", "http://www.guokr.com/answer/158495/redirect/"]
161538,2012-04-24,2,0,Hyperlink["快餐店放半杯冰然后接可乐真的能更多的盈利么？", "http://www.guokr.com/answer/161538/redirect/"]
163599,2012-04-26,2,0,Hyperlink["电影《黄金大劫案》里，最后进入海河的王水，会造成多严重的生态灾难？", "http://www.guokr.com/answer/163599/redirect/"]
168233,2012-04-30,2,0,Hyperlink["关于那个老鹰敲碎自己的喙，拔掉羽毛，拔掉爪子的故事。真实性如何？", "http://www.guokr.com/answer/168233/redirect/"]
174669,2012-05-05,2,0,Hyperlink["早上九点还不吃早饭，肠道就会吸收粪便，也就是说不吃早饭，你的身体就会自动吃屎？", "http://www.guokr.com/answer/174669/redirect/"]
182805,2012-05-12,2,0,Hyperlink["为什么好多人都把馄饨念作hun dun？", "http://www.guokr.com/answer/182805/redirect/"]
189088,2012-05-17,2,1,Hyperlink["致命毒药有哪些？", "http://www.guokr.com/answer/189088/redirect/"]
193613,2012-05-21,2,0,Hyperlink["人能否在多倍重力下加强锻炼效果？", "http://www.guokr.com/answer/193613/redirect/"]
194594,2012-05-22,2,0,Hyperlink["为什么外星人不长毛呢？", "http://www.guokr.com/answer/194594/redirect/"]
207040,2012-06-01,2,0,Hyperlink["水晶玉石可以养人有没有科学依据？", "http://www.guokr.com/answer/207040/redirect/"]
207801,2012-06-01,2,0,Hyperlink["为什么画图的孩纸都这么辛苦？", "http://www.guokr.com/answer/207801/redirect/"]
368778,2012-10-26,2,0,Hyperlink["各位Geek们，问个有那么一点幼稚的问题啊    一般城市上空要比郊区多雾的原因是   （选择题）", "http://www.guokr.com/answer/368778/redirect/"]
454287,2013-03-08,2,0,Hyperlink["如果绝大多数人类的大部分大脑没被用，那么为什么人类大脑要进化出那些无用的部分？", "http://www.guokr.com/answer/454287/redirect/"]
457146,2013-03-15,2,0,Hyperlink["科幻电影里面的那种巨型建筑物（Megastructure）会成为未来城市的主流建筑么？", "http://www.guokr.com/answer/457146/redirect/"]
463111,2013-03-30,2,0,Hyperlink["外星生物怎么就也得是碳氢氧氮组成的呢？就不能是磷硫氯钠镁铝么？话说地球上也有只靠硫化物供养的生物啊", "http://www.guokr.com/answer/463111/redirect/"]
463189,2013-03-31,2,0,Hyperlink["请大家发挥想象：如果人类也拥有像猫，狐狸这些动物的浓密毛发布满全身，那我们的日常生活会有哪些变化？（例如：人不必再穿衣服了？）", "http://www.guokr.com/answer/463189/redirect/"]
463318,2013-03-31,2,0,Hyperlink["为什么好好的柏油路，要用锯拉个缝，再抹上点沥青呢？！", "http://www.guokr.com/answer/463318/redirect/"]
463751,2013-04-01,2,0,Hyperlink["这是什么树？是真实存在的吧？", "http://www.guokr.com/answer/463751/redirect/"]
466223,2013-04-06,2,0,Hyperlink["我若在4点运行一个随机数程序取得一个随机数，然后时光倒流到4点在相同时刻运行该随机数程序，会得到相同随机数么？", "http://www.guokr.com/answer/466223/redirect/"]
467176,2013-04-08,2,0,Hyperlink["为什么花瓣基本上都是奇数个？", "http://www.guokr.com/answer/467176/redirect/"]
468175,2013-04-10,2,0,Hyperlink["飞机上换座位可能导致飞机失衡吗？", "http://www.guokr.com/answer/468175/redirect/"]
471229,2013-04-16,2,0,Hyperlink["为什么我们的果壳网，不能做一部果壳手机呢？就像小米手机一样。", "http://www.guokr.com/answer/471229/redirect/"]
473145,2013-04-19,2,0,Hyperlink["旅游和旅行有什么区别？", "http://www.guokr.com/answer/473145/redirect/"]
473666,2013-04-20,2,0,Hyperlink["为什么地震发生的地方都在县城乡下农村之类的地区？", "http://www.guokr.com/answer/473666/redirect/"]
473796,2013-04-20,2,0,Hyperlink["低温会降低物体硬度吗？", "http://www.guokr.com/answer/473796/redirect/"]
474786,2013-04-22,2,0,Hyperlink["请问地震主要会对网络、通信系统哪些环节造成严重损坏呢？有什么措施、器材可以紧急修复、替补呢？有什么抗震、保护手段么？", "http://www.guokr.com/answer/474786/redirect/"]
474793,2013-04-22,2,0,Hyperlink["为什么地震过后说得头头是道，地震之前什么都说不出来呢？", "http://www.guokr.com/answer/474793/redirect/"]
474832,2013-04-22,2,0,Hyperlink["地震烈度倾向于主观评价还是客观评价？", "http://www.guokr.com/answer/474832/redirect/"]
475220,2013-04-22,2,0,Hyperlink["汽车的表面能否设计成磨砂样的？", "http://www.guokr.com/answer/475220/redirect/"]
476113,2013-04-24,2,0,Hyperlink["为什么地震之后要点蜡烛？", "http://www.guokr.com/answer/476113/redirect/"]
479867,2013-05-01,2,0,Hyperlink["鸡蛋羹的储水量高吗?有多高？如果有很多很多鸡蛋，可以考虑用它来涵养水源吗?", "http://www.guokr.com/answer/479867/redirect/"]
481701,2013-05-04,2,0,Hyperlink["如果我们要给100年后的子孙留点能让他们惊喜的东西，留啥好呢？ ", "http://www.guokr.com/answer/481701/redirect/"]
482572,2013-05-06,2,0,Hyperlink["现在高考非选择题的阅卷流程是什么样的？看到一个“高考阅卷老师揭露阅卷内幕”的文章。", "http://www.guokr.com/answer/482572/redirect/"]
482583,2013-05-06,2,0,Hyperlink["禽流感（如H7N9）为什么会导致羽绒产品价格疯涨？", "http://www.guokr.com/answer/482583/redirect/"]
482894,2013-05-06,2,0,Hyperlink["我在想，如果没有分辨阳光的七色反射的机能，那么我们所有的人和东西都是没有颜色的，所以外星人找呀找的，却找不到我们？", "http://www.guokr.com/answer/482894/redirect/"]
485456,2013-05-11,2,0,Hyperlink["安乐死可以自己对自己实施么？", "http://www.guokr.com/answer/485456/redirect/"]
485538,2013-05-11,2,0,Hyperlink["绿巨人浩克的内裤为什么老是撑不破？？这一点有科学依据不？？", "http://www.guokr.com/answer/485538/redirect/"]
100967,2012-02-26,1,0,Hyperlink["【理性向】“无限相似”是“是”的充要条件么？", "http://www.guokr.com/answer/100967/redirect/"]
104427,2012-03-02,1,1,Hyperlink["核电到底有危害么？要去系里办的反核电论坛帮忙，真是郁闷啊。", "http://www.guokr.com/answer/104427/redirect/"]
112271,2012-03-09,1,0,Hyperlink["我国近年地震（灾害）频发，是否与三峡大坝有关？", "http://www.guokr.com/answer/112271/redirect/"]
113075,2012-03-10,1,0,Hyperlink["刻舟求剑这寓言为什么都没交待好就结束了？", "http://www.guokr.com/answer/113075/redirect/"]
113281,2012-03-10,1,0,Hyperlink["如何知道自己不是色盲？", "http://www.guokr.com/answer/113281/redirect/"]
113300,2012-03-10,1,0,Hyperlink["果壳已经敢把揭秘松鼠的结果发布出来了？", "http://www.guokr.com/answer/113300/redirect/"]
118011,2012-03-15,1,0,Hyperlink["为什么果壳网可以修改昵称？", "http://www.guokr.com/answer/118011/redirect/"]
118960,2012-03-16,1,1,Hyperlink["1KG的水能浮起2KG的木头吗？", "http://www.guokr.com/answer/118960/redirect/"]
120217,2012-03-18,1,0,Hyperlink["发射卫星和发射导弹该怎么区分呢？是通过计算吗？", "http://www.guokr.com/answer/120217/redirect/"]
121650,2012-03-19,1,1,Hyperlink["科学史上，还有哪些著名的动物呢？", "http://www.guokr.com/answer/121650/redirect/"]
124510,2012-03-22,1,0,Hyperlink["每次球赛之后网上就互骂，为什么没人把有争议的球都列出来分析？", "http://www.guokr.com/answer/124510/redirect/"]
125864,2012-03-24,1,0,Hyperlink["如果把头伸出高速行驶的车窗外，撞到隧道，脖子会断掉么？", "http://www.guokr.com/answer/125864/redirect/"]
127603,2012-03-26,1,0,Hyperlink["凡尔纳在科幻界算是什么水平？", "http://www.guokr.com/answer/127603/redirect/"]
128178,2012-03-27,1,1,Hyperlink["怎样看待“崖山之后，已无中国”这一观点？", "http://www.guokr.com/answer/128178/redirect/"]
135077,2012-04-02,1,0,Hyperlink["微型黑洞撞击地球有什么后果？", "http://www.guokr.com/answer/135077/redirect/"]
148914,2012-04-14,1,0,Hyperlink["差异的科学性。", "http://www.guokr.com/answer/148914/redirect/"]
159418,2012-04-23,1,0,Hyperlink["“系”字，一个古怪的用法，后加单位名称或职称，文件中常见。怎么回事？", "http://www.guokr.com/answer/159418/redirect/"]
163415,2012-04-26,1,0,Hyperlink["可以给果壳挑刺提意见么？", "http://www.guokr.com/answer/163415/redirect/"]
163915,2012-04-26,1,0,Hyperlink["什么决定了物种的多样性呢？", "http://www.guokr.com/answer/163915/redirect/"]
168709,2012-04-30,1,0,Hyperlink["\"安得广厦\"小组到底叫个啥名字呢？大家来公投吧！", "http://www.guokr.com/answer/168709/redirect/"]
169591,2012-05-01,1,0,Hyperlink["《终极蜘蛛侠》漫画的画风为什么一篇变好几次？", "http://www.guokr.com/answer/169591/redirect/"]
170195,2012-05-02,1,0,Hyperlink["谁能告诉我有没有自己在家贴瓷砖的办法？", "http://www.guokr.com/answer/170195/redirect/"]
171503,2012-05-03,1,0,Hyperlink["为什么现代科学家“兼职”的很少？（即是物理学家，又是化学家等）", "http://www.guokr.com/answer/171503/redirect/"]
171837,2012-05-03,1,0,Hyperlink["手机充电过程中接听电话会触电么？", "http://www.guokr.com/answer/171837/redirect/"]
174075,2012-05-05,1,1,Hyperlink["当把一个变色龙放在镜子前它会怎么反映？ ", "http://www.guokr.com/answer/174075/redirect/"]
174680,2012-05-05,1,0,Hyperlink["【复仇者联盟问题集】如果人真的穿着那套设备以钢铁侠的动作来飞行，会怎么样？", "http://www.guokr.com/answer/174680/redirect/"]
174695,2012-05-05,1,0,Hyperlink["【复仇者联盟问题集】现实生活中，弓弩类武器能达到何种精度？哪种弓/弩 的精度最高呢？", "http://www.guokr.com/answer/174695/redirect/"]
176254,2012-05-07,1,0,Hyperlink["蜘蛛侠真的被绿巨人打死了吗？那他今后还会出场吗？", "http://www.guokr.com/answer/176254/redirect/"]
177169,2012-05-08,1,0,Hyperlink["套水龙头上的饮用水净化器真的有效果吗？", "http://www.guokr.com/answer/177169/redirect/"]
178089,2012-05-08,1,0,Hyperlink["【复仇者联盟问题集】想看漫威的超级英雄漫画，从哪本开始看起？", "http://www.guokr.com/answer/178089/redirect/"]
178519,2012-05-09,1,0,Hyperlink["女的抱怨时男的千万别给她的抱怨提出解决问题的方法，顺着她的话附和几句就对了。女生真的是这样吗？", "http://www.guokr.com/answer/178519/redirect/"]
182075,2012-05-11,1,0,Hyperlink["惊现宋朝长命神鳖，这科学么？ ", "http://www.guokr.com/answer/182075/redirect/"]
183090,2012-05-12,1,0,Hyperlink["哪些虫子适合孩子玩？", "http://www.guokr.com/answer/183090/redirect/"]
209727,2012-06-03,1,0,Hyperlink["蚂蝗可以抽脂吗？", "http://www.guokr.com/answer/209727/redirect/"]
212773,2012-06-05,1,0,Hyperlink["为什么什么都吃的人类对于吃昆虫总会有一种恐惧？", "http://www.guokr.com/answer/212773/redirect/"]
219579,2012-06-10,1,0,Hyperlink["行军蚁怎么“消亡”的？", "http://www.guokr.com/answer/219579/redirect/"]
227397,2012-06-14,1,0,Hyperlink["人类有没有可能在失去所有地表耕地的情况下还能生存，乃至于有能力建立军队进行战争呢？", "http://www.guokr.com/answer/227397/redirect/"]
232231,2012-06-17,1,0,Hyperlink["假设南极，北极冰山全部融化，海平面会上升多少，会淹没全世界吗？  ", "http://www.guokr.com/answer/232231/redirect/"]
232478,2012-06-17,1,0,Hyperlink["当有人很嚣张的说“我很喜欢看心理学的书”时，我们该做什么？", "http://www.guokr.com/answer/232478/redirect/"]
232489,2012-06-17,1,0,Hyperlink["人类是否来自外星球？", "http://www.guokr.com/answer/232489/redirect/"]
233047,2012-06-17,1,0,Hyperlink["黑人+大麻是什么笑点？", "http://www.guokr.com/answer/233047/redirect/"]
368861,2012-10-26,1,0,Hyperlink["人可以“听”到辐射？", "http://www.guokr.com/answer/368861/redirect/"]
438508,2013-01-25,1,0,Hyperlink["氢气是可燃物，氧气是助燃剂，但是氢氧结合生成的水却可以灭火，这是为什么？", "http://www.guokr.com/answer/438508/redirect/"]
452299,2013-03-03,1,0,Hyperlink["路上捡到手机，最安全的做法是什么？", "http://www.guokr.com/answer/452299/redirect/"]
454394,2013-03-09,1,0,Hyperlink["英文的 良心 conscience  和  科学 science  这两个词有什么关系吗？ 是哪个词先出现的？", "http://www.guokr.com/answer/454394/redirect/"]
460451,2013-03-24,1,0,Hyperlink["请问核电站选址、建设、拆除需要经过哪些步骤呢？周期有多长的呢？类似福岛、普里皮亚季等地，将怎么办呢？只能一直等待吗？", "http://www.guokr.com/answer/460451/redirect/"]
463106,2013-03-30,1,0,Hyperlink["海水珍珠可以食用吗？真的有美容效果吗？", "http://www.guokr.com/answer/463106/redirect/"]
463180,2013-03-31,1,0,Hyperlink["“以子之矛攻子之盾”可以用计算机模拟么？会出现什么情况？", "http://www.guokr.com/answer/463180/redirect/"]
463304,2013-03-31,1,0,Hyperlink["现实中可能出现像动漫中双胞胎长得很像但却是一男一女的情况吗？", "http://www.guokr.com/answer/463304/redirect/"]
463314,2013-03-31,1,0,Hyperlink["21,大四，在做外企医药公司的实习，问题源于我经理的一个问题，问我目标是什么，我说为了让我父母能过好的生活，他说太大，说最近的2年，你想通过你的努力做到什么，预算我茫然了，", "http://www.guokr.com/answer/463314/redirect/"]
467190,2013-04-08,1,0,Hyperlink["宙斯和耶稣有关系么？", "http://www.guokr.com/answer/467190/redirect/"]
468193,2013-04-10,1,0,Hyperlink["建筑工地常常可以看到一根很粗的水管，通向下水道，源源不断的清水通常要流几个月。请问这水从哪儿来，为什么要浪费如此多的水资源？", "http://www.guokr.com/answer/468193/redirect/"]
469445,2013-04-12,1,0,Hyperlink["过江隧道是使用什么特殊的抗压材料建造而成的吗？", "http://www.guokr.com/answer/469445/redirect/"]
469673,2013-04-13,1,2,Hyperlink["如果，可以由你决定删除一项人类发明，回归原来的样子，你选哪样？", "http://www.guokr.com/answer/469673/redirect/"]
469889,2013-04-13,1,0,Hyperlink["上次去香港的时候就看到很多楼会空了几层没有窗觉得很奇怪，现在看新闻又看到了，他们为什么要这样建呢？", "http://www.guokr.com/answer/469889/redirect/"]
469914,2013-04-13,1,0,Hyperlink["关于理想气体以及气体压强的几个问题", "http://www.guokr.com/answer/469914/redirect/"]
470423,2013-04-14,1,0,Hyperlink["太阳绕银河中心旋转还是只是呆在自己所在的旋臂中，随旋臂一块儿绕银河中心旋转？", "http://www.guokr.com/answer/470423/redirect/"]
470425,2013-04-14,1,0,Hyperlink["中华打非联盟是一个什么样的组织，为何到处宣扬先父遗传？", "http://www.guokr.com/answer/470425/redirect/"]
472368,2013-04-18,1,0,Hyperlink["玻璃瓶、纸盒、塑料瓶，哪些食品包装比较依赖石油呢？", "http://www.guokr.com/answer/472368/redirect/"]
472821,2013-04-18,1,0,Hyperlink["冬小麦和春小麦命名的由来是什么？", "http://www.guokr.com/answer/472821/redirect/"]
473303,2013-04-19,1,0,Hyperlink["为什么人们不那么喜欢胖子 却很喜欢胖的动物？", "http://www.guokr.com/answer/473303/redirect/"]
473319,2013-04-19,1,0,Hyperlink["怀孕40天吃鸡子生男孩有可能么？", "http://www.guokr.com/answer/473319/redirect/"]
473824,2013-04-20,1,0,Hyperlink["地震到底能不能预测？", "http://www.guokr.com/answer/473824/redirect/"]
473840,2013-04-20,1,0,Hyperlink["发生地震的时候降落伞逃生靠谱吗？", "http://www.guokr.com/answer/473840/redirect/"]
474153,2013-04-21,1,0,Hyperlink["我说我要强吻妹纸，她会怎么想？", "http://www.guokr.com/answer/474153/redirect/"]
474638,2013-04-22,1,0,Hyperlink["地震局能提前多久预测地震的发生？", "http://www.guokr.com/answer/474638/redirect/"]
474639,2013-04-22,1,0,Hyperlink["男性怀孕的具体过程有谁知道吗？", "http://www.guokr.com/answer/474639/redirect/"]
475555,2013-04-23,1,0,Hyperlink["各个领域的技术瓶颈目前是什么？", "http://www.guokr.com/answer/475555/redirect/"]
477330,2013-04-26,1,0,Hyperlink["地震里所说的震源深度多少多少千米是什么意思？", "http://www.guokr.com/answer/477330/redirect/"]
478877,2013-04-28,1,0,Hyperlink["银行是怎样赚钱的？", "http://www.guokr.com/answer/478877/redirect/"]
479166,2013-04-29,1,0,Hyperlink["为什么有人说五毛和公知本质都是一样的？", "http://www.guokr.com/answer/479166/redirect/"]
479188,2013-04-29,1,0,Hyperlink["解释下为什么任天堂FC红白机里那把外设的枪基本对着灯管打百试百灵？", "http://www.guokr.com/answer/479188/redirect/"]
479864,2013-05-01,1,0,Hyperlink["找不到愿意为之付出一生的东西怎么办？", "http://www.guokr.com/answer/479864/redirect/"]
480587,2013-05-02,1,0,Hyperlink["向东走5m记作+5m,那向北走3m记作？向西北走7m记作？", "http://www.guokr.com/answer/480587/redirect/"]
480938,2013-05-03,1,0,Hyperlink["会飞的哺乳动物有多少？", "http://www.guokr.com/answer/480938/redirect/"]
481713,2013-05-04,1,0,Hyperlink["为啥耳机是先坏掉一只而不是两只一起坏捏果壳君??这个问题好像有点二", "http://www.guokr.com/answer/481713/redirect/"]
482914,2013-05-06,1,0,Hyperlink["如果不砍倒一棵葡萄树查看年轮的话，如何鉴定葡萄树的年龄？", "http://www.guokr.com/answer/482914/redirect/"]
484490,2013-05-09,1,0,Hyperlink["有没有什么条件下，什么物体的内容积（封闭）比外体积大，别说什么经典物理下不可能，我是问什么情况下可能？", "http://www.guokr.com/answer/484490/redirect/"]
484491,2013-05-09,1,0,Hyperlink["水真的有这么神奇么", "http://www.guokr.com/answer/484491/redirect/"]
484493,2013-05-09,1,0,Hyperlink["澳大利亚男孩向总理投三明治被停学2周，扔三明治和扔鞋的方法是不是不一样，扔三明治怎么能扔得更远更准？", "http://www.guokr.com/answer/484493/redirect/"]
488496,2013-05-17,1,0,Hyperlink["微博运营如何快速涨粉丝", "http://www.guokr.com/answer/488496/redirect/"]
488497,2013-05-17,1,0,Hyperlink["方便面真的有害健康吗.....具体有什么危害", "http://www.guokr.com/answer/488497/redirect/"]
489878,2013-05-20,1,0,Hyperlink["胶原蛋白可以注射进皮肤，让皮肤变得更有弹性吗？会有害处吗？会过敏吗？", "http://www.guokr.com/answer/489878/redirect/"]
490954,2013-05-22,1,0,Hyperlink["X射线是电离辐射还是电磁辐射？", "http://www.guokr.com/answer/490954/redirect/"]
493052,2013-05-26,1,0,Hyperlink["遇到父母问的问题：“你更喜欢爸爸还是妈妈？”怎么回答？", "http://www.guokr.com/answer/493052/redirect/"]
100766,2012-02-26,0,0,Hyperlink["为何冷天人爱热食？", "http://www.guokr.com/answer/100766/redirect/"]
101311,2012-02-27,0,1,Hyperlink["金箍棒为什么能做到随主人心意变化自如的？", "http://www.guokr.com/answer/101311/redirect/"]
111958,2012-03-09,0,0,Hyperlink["中国教育频道的节目：实拍抓捕杀人丧尸，多人被撕裂致死！世界上真的有僵尸？是谣言还是真相？", "http://www.guokr.com/answer/111958/redirect/"]
112106,2012-03-09,0,0,Hyperlink["联谊，你怎么看？", "http://www.guokr.com/answer/112106/redirect/"]
112336,2012-03-09,0,0,Hyperlink["美人鱼都是姑娘吗？她们怎么繁殖呢？", "http://www.guokr.com/answer/112336/redirect/"]
115344,2012-03-13,0,0,Hyperlink["如果一个人的速度超过音速，他会怎么样？", "http://www.guokr.com/answer/115344/redirect/"]
116157,2012-03-13,0,0,Hyperlink["求助：受到阻力f=-kv的初速度为v0的运动，多长时间停下来？（质量为m）", "http://www.guokr.com/answer/116157/redirect/"]
121290,2012-03-19,0,0,Hyperlink["三棱锥底角多少度比较稳定？", "http://www.guokr.com/answer/121290/redirect/"]
123581,2012-03-21,0,0,Hyperlink["为什么像果壳网这种纯讨论的地方戴马甲的人也很多呢？这是一个什么样的心理呢？", "http://www.guokr.com/answer/123581/redirect/"]
124179,2012-03-22,0,0,Hyperlink["如何从零开始培养一个科幻迷？", "http://www.guokr.com/answer/124179/redirect/"]
124896,2012-03-23,0,0,Hyperlink["如何根据散点图来确定对应函数？", "http://www.guokr.com/answer/124896/redirect/"]
125339,2012-03-23,0,0,Hyperlink["在现代战争中，骑兵还有存在的必要么？", "http://www.guokr.com/answer/125339/redirect/"]
126216,2012-03-24,0,0,Hyperlink["关于救跳楼者用的新气垫的构想，求物理爱好者剖析下是否可行？", "http://www.guokr.com/answer/126216/redirect/"]
127331,2012-03-26,0,0,Hyperlink["螃蟹横着走是因为地球磁场翻转吗？", "http://www.guokr.com/answer/127331/redirect/"]
127621,2012-03-26,0,0,Hyperlink["用潜艇潜入马里亚纳海沟，如果万一出事故，会是怎么个死法呢？", "http://www.guokr.com/answer/127621/redirect/"]
128052,2012-03-27,0,0,Hyperlink["网曝北京人的头盖骨化石可能在秦皇岛，这化石是怎么跑到秦皇岛去的呢？", "http://www.guokr.com/answer/128052/redirect/"]
135310,2012-04-03,0,0,Hyperlink["新浪微博能评论之后，你最想说的是什么？", "http://www.guokr.com/answer/135310/redirect/"]
136068,2012-04-04,0,0,Hyperlink["林书豪的膝盖伤是怎么回事？ 半月板损伤能恢复吗？", "http://www.guokr.com/answer/136068/redirect/"]
136441,2012-04-04,0,0,Hyperlink["人突然到了低重力下会如何？", "http://www.guokr.com/answer/136441/redirect/"]
136692,2012-04-04,0,0,Hyperlink["自动麻将桌里面怎么实现麻将牌的自动翻面实现最后统一的？", "http://www.guokr.com/answer/136692/redirect/"]
136741,2012-04-04,0,0,Hyperlink["下面关于交通堵塞的物理题该怎么解答？", "http://www.guokr.com/answer/136741/redirect/"]
137248,2012-04-05,0,0,Hyperlink["“重庆货车载万发炮弹赴吉林在湖北被查获”这个消息从军事上分析靠谱吗？", "http://www.guokr.com/answer/137248/redirect/"]
137406,2012-04-05,0,0,Hyperlink["真的有跳弹伤人这回事吗？发生的可能性大吗？", "http://www.guokr.com/answer/137406/redirect/"]
137670,2012-04-05,0,0,Hyperlink["荷兰大部分陆地都低于海平面，他们是怎么做到不被淹没的？ ", "http://www.guokr.com/answer/137670/redirect/"]
138468,2012-04-06,0,0,Hyperlink["多大能量的闪电可以击穿铁笼？", "http://www.guokr.com/answer/138468/redirect/"]
139039,2012-04-07,0,0,Hyperlink["中国古代的科举制度，最早可以追溯到什么时候？", "http://www.guokr.com/answer/139039/redirect/"]
140310,2012-04-08,0,0,Hyperlink["如何防止自己成为民科向？", "http://www.guokr.com/answer/140310/redirect/"]
141480,2012-04-09,0,0,Hyperlink["桥底下真的不能种树吗？", "http://www.guokr.com/answer/141480/redirect/"]
142055,2012-04-09,0,0,Hyperlink["要解决果壳一些用户在问答里面灌水的问题，你有什么好办法吗？", "http://www.guokr.com/answer/142055/redirect/"]
145957,2012-04-12,0,0,Hyperlink["想自己做奶茶实验需要考虑什么因素？该怎么做？", "http://www.guokr.com/answer/145957/redirect/"]
146017,2012-04-12,0,0,Hyperlink["为什么很多人都听到过从楼上传来的钢珠掉在地上的声音？ ", "http://www.guokr.com/answer/146017/redirect/"]
146692,2012-04-12,0,0,Hyperlink["全球24小时内发生5次6级以上地震 大家怎么看", "http://www.guokr.com/answer/146692/redirect/"]
148366,2012-04-14,0,0,Hyperlink["《三体》与西方科幻小说相比，水准如何？", "http://www.guokr.com/answer/148366/redirect/"]
148731,2012-04-14,0,0,Hyperlink["手机上回复出的问题是怎么回事？", "http://www.guokr.com/answer/148731/redirect/"]
155764,2012-04-20,0,0,Hyperlink["检测蟹肉棒里的蟹肉含量有什么方法？", "http://www.guokr.com/answer/155764/redirect/"]
161489,2012-04-24,0,0,Hyperlink["街上骗子的逻辑是什么？", "http://www.guokr.com/answer/161489/redirect/"]
162300,2012-04-25,0,0,Hyperlink["恐龙复原图 / 模型是怎么做出来的？", "http://www.guokr.com/answer/162300/redirect/"]
166767,2012-04-28,0,0,Hyperlink["我想设计一个简单的螺旋杆带动的升降装置，螺旋杆能不能产生足够大的力？", "http://www.guokr.com/answer/166767/redirect/"]
168526,2012-04-30,0,0,Hyperlink["黑色火药爆炸溅射的范围和火药的量的关系", "http://www.guokr.com/answer/168526/redirect/"]
170457,2012-05-02,0,3,Hyperlink["动物园的金丝猴泉泉是被投毒毒死了，还是游客投喂误食了不该吃的东西？", "http://www.guokr.com/answer/170457/redirect/"]
171910,2012-05-03,0,0,Hyperlink["印度火车票是免费的？", "http://www.guokr.com/answer/171910/redirect/"]
172921,2012-05-04,0,0,Hyperlink["你最早接触星球大战是哪年？", "http://www.guokr.com/answer/172921/redirect/"]
177161,2012-05-08,0,0,Hyperlink["产前知道胎儿的性别，在法律和人伦方面有什么风险？", "http://www.guokr.com/answer/177161/redirect/"]
178812,2012-05-09,0,0,Hyperlink["理工科的男生都不怎么用微博吗？", "http://www.guokr.com/answer/178812/redirect/"]
182061,2012-05-11,0,0,Hyperlink["关于《三体》里水滴毁灭太空舰队情节的一点不解", "http://www.guokr.com/answer/182061/redirect/"]
182188,2012-05-11,0,0,Hyperlink["为什么麦克斯韦不如赫兹有名？", "http://www.guokr.com/answer/182188/redirect/"]
182993,2012-05-12,0,0,Hyperlink["所罗门群岛以咒骂来砍树的故事是真的么？", "http://www.guokr.com/answer/182993/redirect/"]
185361,2012-05-14,0,0,Hyperlink["水解乳清蛋白真的可以让牛奶保质期延长5天吗？是怎么做到的？", "http://www.guokr.com/answer/185361/redirect/"]
185661,2012-05-14,0,0,Hyperlink["有没有以数学知识为基础的科幻作品？", "http://www.guokr.com/answer/185661/redirect/"]
190065,2012-05-18,0,0,Hyperlink["昆虫为什么要变态？为什么会有不同的变态方式？", "http://www.guokr.com/answer/190065/redirect/"]
190077,2012-05-18,0,1,Hyperlink["水稻直播怎么避免被小鸟吃？", "http://www.guokr.com/answer/190077/redirect/"]
190753,2012-05-19,0,1,Hyperlink["女娲族能做到只生女孩的生物原理是什么？", "http://www.guokr.com/answer/190753/redirect/"]
195880,2012-05-23,0,0,Hyperlink["动物园的熊猫很凶吗？", "http://www.guokr.com/answer/195880/redirect/"]
196342,2012-05-23,0,1,Hyperlink["网络时代保护产权和促进流通如何平衡？", "http://www.guokr.com/answer/196342/redirect/"]
205618,2012-05-31,0,0,Hyperlink["怎么测量灯泡的体积？不用灌水和浸水的方法？", "http://www.guokr.com/answer/205618/redirect/"]
208414,2012-06-02,0,0,Hyperlink["如果在地球上开启曲率引擎会有什么后果？", "http://www.guokr.com/answer/208414/redirect/"]
211981,2012-06-05,0,0,Hyperlink["紧急时刻力气会变大？", "http://www.guokr.com/answer/211981/redirect/"]
213766,2012-06-06,0,0,Hyperlink["为什么坐凳上后仰到平躺全身会无法控制的颤抖？", "http://www.guokr.com/answer/213766/redirect/"]
218558,2012-06-09,0,0,Hyperlink["为什么丁字路口容易堵车？", "http://www.guokr.com/answer/218558/redirect/"]
226235,2012-06-13,0,1,Hyperlink["物体密度的变化和溶液密度的变化导致浮力改变的问题如何分析？", "http://www.guokr.com/answer/226235/redirect/"]
226832,2012-06-14,0,5,Hyperlink["辩证法躺枪，犬儒到底怎么解释？", "http://www.guokr.com/answer/226832/redirect/"]
232845,2012-06-17,0,0,Hyperlink["一支球队踢一场球的胜率到底是多少？", "http://www.guokr.com/answer/232845/redirect/"]
232861,2012-06-17,0,0,Hyperlink["叠字名（如：郭晶晶），是汉语名字独有的吗？", "http://www.guokr.com/answer/232861/redirect/"]
237552,2012-06-19,0,1,Hyperlink["如何从发音上区分拼音里的\"in\"与\"ing\"还有\"en\"与\"eng\"的区别？", "http://www.guokr.com/answer/237552/redirect/"]
243464,2012-06-22,0,0,Hyperlink["你怎么看奥运冠军？那代表着真正的体育，还是仅仅是一种国家间的变态竞争，奥运健儿的动机又是什么？", "http://www.guokr.com/answer/243464/redirect/"]
248885,2012-06-25,0,0,Hyperlink["《严厉的月亮》中四面体结构组织如何运行？", "http://www.guokr.com/answer/248885/redirect/"]
322288,2012-08-24,0,0,Hyperlink["怎么样才算是有故事的人？", "http://www.guokr.com/answer/322288/redirect/"]
368807,2012-10-26,0,0,Hyperlink["人类从高空自由落体时的速度真的能超过音速吗？", "http://www.guokr.com/answer/368807/redirect/"]
438195,2013-01-24,0,0,Hyperlink["为什么果壳改版之后就多了很多关注我的人？", "http://www.guokr.com/answer/438195/redirect/"]
452298,2013-03-03,0,0,Hyperlink["求解为何下面的代码会跳出循环？", "http://www.guokr.com/answer/452298/redirect/"]
454044,2013-03-08,0,0,Hyperlink["刚看了《霍比特人》。想问下，真的有可能同时出现不同种类的智慧生物吗？", "http://www.guokr.com/answer/454044/redirect/"]
454290,2013-03-08,0,0,Hyperlink["面盲症，听说过吗。网络上有，可是周围没有一个医生知道这个病？", "http://www.guokr.com/answer/454290/redirect/"]
454395,2013-03-09,0,0,Hyperlink["为什么现代的大型锅炉都是方的而不是圆形的？", "http://www.guokr.com/answer/454395/redirect/"]
454403,2013-03-09,0,0,Hyperlink["天天早餐吃面包对人体有害处吗？", "http://www.guokr.com/answer/454403/redirect/"]
454637,2013-03-09,0,0,Hyperlink["给妹纸发短信怎么开头比较好啊", "http://www.guokr.com/answer/454637/redirect/"]
455818,2013-03-12,0,0,Hyperlink["如果一个吹风机在一个1mx1mx1m的密闭方盒内持续工作，结果会怎样？", "http://www.guokr.com/answer/455818/redirect/"]
458144,2013-03-18,0,0,Hyperlink["中考了，如何安排睡眠时间？", "http://www.guokr.com/answer/458144/redirect/"]
458965,2013-03-20,0,0,Hyperlink["高楼大厦底部着火时，火势为什么会一直从下烧到顶部，底部的火是从楼层的内部的电梯井、楼梯等内部通道向上燃烧的，还是通过窗口借助风势等楼体外部的因素导致的火头上窜呢？", "http://www.guokr.com/answer/458965/redirect/"]
459015,2013-03-20,0,0,Hyperlink["生物质能和生物体中有机物的化学能有什么差异？", "http://www.guokr.com/answer/459015/redirect/"]
459024,2013-03-20,0,1,Hyperlink["一直很好奇一个问题，那就是某个产品（特别是工程类大件）号称保固多少多少年（比如几十年）什么的，这个是怎么估计出来的呢？", "http://www.guokr.com/answer/459024/redirect/"]
459162,2013-03-21,0,0,Hyperlink["如何巧妙的回答妻子和妈妈掉到水里先救谁的问题？", "http://www.guokr.com/answer/459162/redirect/"]
459258,2013-03-21,0,0,Hyperlink["准毕业生们做毕业论文、毕业设计的时候，一般最关心哪些事情？", "http://www.guokr.com/answer/459258/redirect/"]
459320,2013-03-21,0,0,Hyperlink["“中国南方汉族身高低于日韩”，这类研究的调查方法一般是怎么怎么进行的呢？", "http://www.guokr.com/answer/459320/redirect/"]
459696,2013-03-22,0,0,Hyperlink["度量衡是怎么自上而下统一的？\n", "http://www.guokr.com/answer/459696/redirect/"]
459845,2013-03-23,0,0,Hyperlink["我今年  20岁了，，，想哪个，，但不懂，，，谁可以帮下我  。。", "http://www.guokr.com/answer/459845/redirect/"]
460046,2013-03-23,0,0,Hyperlink["“建国以来最大骗局、《列宁格勒条约》、技术锁。————光速、普朗克常量等等等等，其实与我们教科书上的数值无关。”是真的吗？\n", "http://www.guokr.com/answer/460046/redirect/"]
460414,2013-03-24,0,0,Hyperlink["匀速圆周运动为什么有加速度？", "http://www.guokr.com/answer/460414/redirect/"]
463309,2013-03-31,0,0,Hyperlink["把自己的声音慢速100倍，听到类似体形巨大的怪兽的吼声，那么如果有一头巨大的怪兽发出的吼声，我们听到是吼声，而和怪兽同样体形的人听到是正常的语速？", "http://www.guokr.com/answer/463309/redirect/"]
463310,2013-03-31,0,0,Hyperlink["為什麼人類喜歡收藏黃金?", "http://www.guokr.com/answer/463310/redirect/"]
463313,2013-03-31,0,0,Hyperlink["为什么千足金吊坠不会变形？", "http://www.guokr.com/answer/463313/redirect/"]
463317,2013-03-31,0,0,Hyperlink["怎样通过切割一块木板并拼接来设计最优秀的承重结构?", "http://www.guokr.com/answer/463317/redirect/"]
463747,2013-04-01,0,1,Hyperlink["僵尸能得抑郁症么？", "http://www.guokr.com/answer/463747/redirect/"]
463749,2013-04-01,0,0,Hyperlink["为什么女生也可以捐精给果壳科学家精子库？", "http://www.guokr.com/answer/463749/redirect/"]
464599,2013-04-03,0,0,Hyperlink["古人是怎么御寒的？", "http://www.guokr.com/answer/464599/redirect/"]
464749,2013-04-03,0,0,Hyperlink["为什么高架桥的柱子一般都是圆的，室内建筑很多柱子都是方的？柱子的外形有什么讲究？", "http://www.guokr.com/answer/464749/redirect/"]
466476,2013-04-06,0,0,Hyperlink["一直有个困惑，物体越接近光速，质量越趋于无限大，而波粒二象性的光也可以表现为光子，光子是以光速运动,且质量不为零，那它总是以光速运动，这是个悖论啊？", "http://www.guokr.com/answer/466476/redirect/"]
466477,2013-04-06,0,0,Hyperlink["如《远古入侵 新世界》中蝎毒治疗一样，现在真的能拿到一份毒液就在几分钟内获得抗体吗？", "http://www.guokr.com/answer/466477/redirect/"]
467178,2013-04-08,0,0,Hyperlink["河南的朱仙镇和通天教主的诛仙阵有没有什么关系？", "http://www.guokr.com/answer/467178/redirect/"]
468184,2013-04-10,0,0,Hyperlink["收费会扼杀中国互联网的未来？", "http://www.guokr.com/answer/468184/redirect/"]
468195,2013-04-10,0,0,Hyperlink["这种被风刮掉一层外皮的建筑为什么要加那层皮呢？", "http://www.guokr.com/answer/468195/redirect/"]
469131,2013-04-12,0,0,Hyperlink["我们所熟知的一切的规则由什么决定的？是否我们的宇宙是人造的？", "http://www.guokr.com/answer/469131/redirect/"]
469132,2013-04-12,0,0,Hyperlink["功德箱里的钱，其所有权属于谁？ 雍和宫保洁员偷功德箱获刑", "http://www.guokr.com/answer/469132/redirect/"]
469134,2013-04-12,0,0,Hyperlink["为什么人们会讨厌别人戳自己的脑门？", "http://www.guokr.com/answer/469134/redirect/"]
469671,2013-04-13,0,0,Hyperlink["Bitcoin的产生是解决了什么数学问题？为什么最多只能存在2100万？", "http://www.guokr.com/answer/469671/redirect/"]
470842,2013-04-15,0,0,Hyperlink["欧拉和高斯之间差了几个伯努利？ ", "http://www.guokr.com/answer/470842/redirect/"]
471230,2013-04-16,0,0,Hyperlink["成虫寿命极短对种族繁衍有啥好处没？", "http://www.guokr.com/answer/471230/redirect/"]
471955,2013-04-17,0,0,Hyperlink["如果一家公司能够把登月的成本降低到现在的远洋运输一样，他们可以做有趣又赚钱的什么生意呢？", "http://www.guokr.com/answer/471955/redirect/"]
471967,2013-04-17,0,0,Hyperlink["在有了录像机，录音机之后，为什么至今没有出现录味机？\n", "http://www.guokr.com/answer/471967/redirect/"]
472362,2013-04-18,0,0,Hyperlink["中子和质子有颜色吗？", "http://www.guokr.com/answer/472362/redirect/"]
472370,2013-04-18,0,0,Hyperlink["假设有一颗像月球一样的小行星，正以亚光速的速度正面撞上地球的太平洋，那会产生什么样的结果？跟撞上陆地有没有什么大的区别？", "http://www.guokr.com/answer/472370/redirect/"]
472523,2013-04-18,0,0,Hyperlink["都说适者生存，可是为什么人对过敏原就无法适应呢？而且为什么一旦有一次发作了，以后就会每年都发作？", "http://www.guokr.com/answer/472523/redirect/"]
472815,2013-04-18,0,0,Hyperlink["为什么我同学看到可爱的小动物十分不开心，看见可爱的、干净的小动物靠近寝室就关上门一副蛋疼样？", "http://www.guokr.com/answer/472815/redirect/"]
472816,2013-04-18,0,0,Hyperlink["请问各位啊，qq空间的“说说”，这个“说说”该用哪个词来翻译啊？", "http://www.guokr.com/answer/472816/redirect/"]
472939,2013-04-19,0,0,Hyperlink["为什么某些塑料制品如聚乙烯，分子量能达到几万几十万，重量却很轻，而一些金属，原子量也就几百，重量却很重？", "http://www.guokr.com/answer/472939/redirect/"]
473103,2013-04-19,0,0,Hyperlink["菠萝里边有菠萝蛋白酶，所以吃菠萝之前要用盐水泡。\n木瓜里边与木瓜蛋白酶，怎么没见吃木瓜用盐水泡过过呢？", "http://www.guokr.com/answer/473103/redirect/"]
473120,2013-04-19,0,0,Hyperlink["请问如何鉴别白水晶和方解石？", "http://www.guokr.com/answer/473120/redirect/"]
473132,2013-04-19,0,0,Hyperlink["人的精子可以进行单倍体离体培养从而成为一个人吗？", "http://www.guokr.com/answer/473132/redirect/"]
473146,2013-04-19,0,0,Hyperlink["为什么水很清的湖泊不适合迁徙的候鸟（主要为雁鸭类）的生活？", "http://www.guokr.com/answer/473146/redirect/"]
473305,2013-04-19,0,0,Hyperlink["气垫船可以用于抢滩登陆等军事任务吗，优势在哪里呢？", "http://www.guokr.com/answer/473305/redirect/"]
473401,2013-04-19,0,0,Hyperlink["这这这这是啥玩意儿？难道是传说中的人面鸟？", "http://www.guokr.com/answer/473401/redirect/"]
473547,2013-04-20,0,0,Hyperlink["榨汁机选哪种的好？", "http://www.guokr.com/answer/473547/redirect/"]
473608,2013-04-20,0,0,Hyperlink["四川再次发生地震，四川等地的频繁地震是否和三峡大坝的建造有关？\n\n", "http://www.guokr.com/answer/473608/redirect/"]
473652,2013-04-20,0,0,Hyperlink["W=FS 所以是不是我拎着哑铃不动就没有锻炼效果？站在上升的电梯上拎着哑铃不动有锻炼效果？", "http://www.guokr.com/answer/473652/redirect/"]
473938,2013-04-20,0,0,Hyperlink["如何用逻辑关系证明可以在有限时间量内可以通过由无限点组成的线段？", "http://www.guokr.com/answer/473938/redirect/"]
474149,2013-04-21,0,0,Hyperlink["山东有可能地震吗？", "http://www.guokr.com/answer/474149/redirect/"]
474151,2013-04-21,0,0,Hyperlink["西方的火龙吐火的原理是什么？", "http://www.guokr.com/answer/474151/redirect/"]
474152,2013-04-21,0,0,Hyperlink["为什么每次地震之后电话就很难打通？", "http://www.guokr.com/answer/474152/redirect/"]
474154,2013-04-21,0,0,Hyperlink["地震的预测技术是什么？现在的地震预测能精确到什么程度？", "http://www.guokr.com/answer/474154/redirect/"]
474168,2013-04-21,0,0,Hyperlink["在同样的那篇救命三角中还提到了一下这种预测地震的方法。请问是否可行？", "http://www.guokr.com/answer/474168/redirect/"]
474298,2013-04-21,0,0,Hyperlink["多少计量的核原料可以炸毁一座中等大楼\n- -1克以下就可以了吗？那引发装置是不是要很重？", "http://www.guokr.com/answer/474298/redirect/"]
474333,2013-04-21,0,0,Hyperlink["历史上有哪些宗教帝国是佛教的嘛？有的话那么为什么赶脚没有产生其他宗教国的那种影响力呢？", "http://www.guokr.com/answer/474333/redirect/"]
474334,2013-04-21,0,0,Hyperlink["这货是灵芝不？求鉴定！", "http://www.guokr.com/answer/474334/redirect/"]
474336,2013-04-21,0,0,Hyperlink["高考将近，地震就会来？", "http://www.guokr.com/answer/474336/redirect/"]
474648,2013-04-22,0,0,Hyperlink["如何识别承重墙？", "http://www.guokr.com/answer/474648/redirect/"]
474799,2013-04-22,0,0,Hyperlink["头一低下眼睛就胀痛的很难受怎么回事？", "http://www.guokr.com/answer/474799/redirect/"]
474992,2013-04-22,0,0,Hyperlink["《瘟疫公司》卡在真菌过不去了，怎么通关？", "http://www.guokr.com/answer/474992/redirect/"]
475866,2013-04-24,0,0,Hyperlink["因为地球在自转，如果有一个物品它能停在半空中不作任何运动，半年后它会不会到了其他国家，或者回到原来的地方的半空中已经找不到它了？", "http://www.guokr.com/answer/475866/redirect/"]
475904,2013-04-24,0,0,Hyperlink["为什么一般情况下震中的损毁程度有可能不是最严重的，反而相近的地方受灾会更严重？这和自然界存在的其他问题有相同点么？", "http://www.guokr.com/answer/475904/redirect/"]
476108,2013-04-24,0,0,Hyperlink["如果蛋白质是低温变性而不是高温变性，那现在的生活会是什么样呢？", "http://www.guokr.com/answer/476108/redirect/"]
476645,2013-04-25,0,0,Hyperlink["按照从山脚到山顶，世界最高峰是那座山？", "http://www.guokr.com/answer/476645/redirect/"]
476728,2013-04-25,0,0,Hyperlink["最近看到河马咬死人的新闻，河马我记得是草食性动物，为什么会咬人呢？什么情况下才会激怒一只河马呢？怎样在观赏野生动物时保护自己？", "http://www.guokr.com/answer/476728/redirect/"]
476899,2013-04-25,0,0,Hyperlink["短信一般发起一个什么话题比较好？", "http://www.guokr.com/answer/476899/redirect/"]
477027,2013-04-25,0,0,Hyperlink["为什么地震后缺水缺粮？吃方便面而不吃压缩饼干？没有应急食品？", "http://www.guokr.com/answer/477027/redirect/"]
477911,2013-04-27,0,0,Hyperlink["蝴蝶效应是不是只存在于数字和逻辑中，如果现实情况下的对于过去做出微小改变并不会严重影响未来？", "http://www.guokr.com/answer/477911/redirect/"]
478098,2013-04-27,0,0,Hyperlink["中国现在最缺什么？中国大学生现在最缺什么？中国群众最缺什么？", "http://www.guokr.com/answer/478098/redirect/"]
478110,2013-04-27,0,0,Hyperlink["历史上在有人区记录到的最大地震烈度是多大？", "http://www.guokr.com/answer/478110/redirect/"]
478938,2013-04-29,0,0,Hyperlink["室友的言行太过自以为是，成天想着过白富美那样的生活，怎么办？", "http://www.guokr.com/answer/478938/redirect/"]
479193,2013-04-29,0,0,Hyperlink["#求科普#为什么拖完地板，手指头会不停的抖呢？", "http://www.guokr.com/answer/479193/redirect/"]
480921,2013-05-03,0,0,Hyperlink["不锈钢锅无法被磁化，但是为什么能在靠磁场感应电流（又称为涡流）加热原理的电磁炉上使用呢？", "http://www.guokr.com/answer/480921/redirect/"]
480934,2013-05-03,0,0,Hyperlink["为什么水管有时候会震呢？什么原理？求详解，不要笼统的说共振", "http://www.guokr.com/answer/480934/redirect/"]
481356,2013-05-03,0,0,Hyperlink["脊椎有什么不可替代的作用？", "http://www.guokr.com/answer/481356/redirect/"]
481359,2013-05-03,0,0,Hyperlink["看到不少斯诺克球手在击球时会用下巴作为固定以瞄准球后再出杆，请问下巴处的皮肤会不会像手掌一样长茧子呢？", "http://www.guokr.com/answer/481359/redirect/"]
481361,2013-05-03,0,0,Hyperlink["生男生女是由男性提供的染色体决定？那民间老人所说酸儿辣女，梦见蛇生女孩之类的是否有依据？", "http://www.guokr.com/answer/481361/redirect/"]
482573,2013-05-06,0,0,Hyperlink["为什么对方不愿说出自己的名字？", "http://www.guokr.com/answer/482573/redirect/"]
482908,2013-05-06,0,0,Hyperlink["看了一本心理学的书，其中在生理基础部分提到“嗅觉是最古老的感觉”，这个说法是怎么来的？莫非生物最先进化出的器官是鼻子？不是环节动物的蚯蚓先有的触觉么？", "http://www.guokr.com/answer/482908/redirect/"]
483465,2013-05-07,0,0,Hyperlink["超人的上升力还可以用空气浮力解释，但他平飞阶段时是怎样加速及对抗空气阻力的？", "http://www.guokr.com/answer/483465/redirect/"]
484856,2013-05-10,0,0,Hyperlink["易学是科学吗？周易\n", "http://www.guokr.com/answer/484856/redirect/"]
485452,2013-05-11,0,0,Hyperlink["为什么大家都觉得诺基亚新机器很萌很骚气，而且还便宜叫好声一片。可真掏钱买的人却很少", "http://www.guokr.com/answer/485452/redirect/"]
485455,2013-05-11,0,0,Hyperlink["为什么火影里他们的跑步姿势是双手不动向后抬起一点？可以减小阻力跑得更快吗？现实中这样跑步会发生什么？", "http://www.guokr.com/answer/485455/redirect/"]
485527,2013-05-11,0,0,Hyperlink["\"花露水里面的乙醇浓度在70%—75%，最低也会达到30%以上；且燃点仅为24℃。所以，涂完花露水后如遇明火...将会发生闪燃现象！\"\n我是知道酒精遇明火会燃！但照他那么说，岂不是室温就会自燃？", "http://www.guokr.com/answer/485527/redirect/"]
485530,2013-05-11,0,0,Hyperlink["为什么汽车厂家不把行车记录仪作为出厂标配？", "http://www.guokr.com/answer/485530/redirect/"]
485531,2013-05-11,0,0,Hyperlink["人如何在特别无聊的情况下会发生什么？", "http://www.guokr.com/answer/485531/redirect/"]
485533,2013-05-11,0,0,Hyperlink["“求真相”这是果壳上的问答吗？", "http://www.guokr.com/answer/485533/redirect/"]
485536,2013-05-11,0,0,Hyperlink["Fuck、suck、prick、dick、cock、bollock，为什么英文里面脏话喜欢用ck结尾呢？", "http://www.guokr.com/answer/485536/redirect/"]
485537,2013-05-11,0,0,Hyperlink["痔难道不是先天的吗？为什么后天还会长出来？", "http://www.guokr.com/answer/485537/redirect/"]
485609,2013-05-11,0,0,Hyperlink["为什么有些平面图的方向标志是不规则的多边形？像图片里的那样。这个多边形有什么含义吗？", "http://www.guokr.com/answer/485609/redirect/"]
486513,2013-05-13,0,0,Hyperlink["波妞是因为喝了宗介的血，所以才变成人类的，那么波妞变成人类后是否和宗介有血缘关系呢？如果便成人是利用血里面的DNA信息，那从伦理上来讲，波妞是宗介的女儿还是妹妹呢？", "http://www.guokr.com/answer/486513/redirect/"]
486519,2013-05-13,0,2,Hyperlink["将来派出的火星探险人员在火星生活中会遇到哪些困难？", "http://www.guokr.com/answer/486519/redirect/"]
487172,2013-05-15,0,0,Hyperlink["表兄妹结婚违背伦理或者生理吗？", "http://www.guokr.com/answer/487172/redirect/"]
488485,2013-05-17,0,0,Hyperlink["总理，总统，首相，这有什么区别？", "http://www.guokr.com/answer/488485/redirect/"]
489876,2013-05-20,0,0,Hyperlink["为什么手割伤了会流血", "http://www.guokr.com/answer/489876/redirect/"]
489879,2013-05-20,0,0,Hyperlink["有没有不架在耳朵上的眼镜？", "http://www.guokr.com/answer/489879/redirect/"]
493172,2013-05-27,0,0,Hyperlink["为什么男生的袜子特别长？", "http://www.guokr.com/answer/493172/redirect/"]
493192,2013-05-27,0,0,Hyperlink["畅想未来：各种新型能源普及后，石油将被取代，中东地区卖不出石油，会不会发生经济危机？该怎么应对？", "http://www.guokr.com/answer/493192/redirect/"]
493193,2013-05-27,0,0,Hyperlink["为什么女人有大姨妈；男的却没有", "http://www.guokr.com/answer/493193/redirect/"]
493201,2013-05-27,0,0,Hyperlink["火山灰对建筑有快速的摧毁性影响么", "http://www.guokr.com/answer/493201/redirect/"]
493881,2013-05-28,0,2,Hyperlink["是谁撕裂了中国社会？  除了草榴在任何论坛里都充斥着争吵，谩骂，各自的观点互相攻击，，社会的认知存在强烈的分歧，究竟是什么时代什么人造成了这种分裂？", "http://www.guokr.com/answer/493881/redirect/"]
493980,2013-05-28,0,0,Hyperlink["似乎英国王室比其他欧洲国家的王室更有地位和存在感，这是为什么？", "http://www.guokr.com/answer/493980/redirect/"]